Сол,Моҳ,Минтақа,Маҳсулот,Ҳаҷми замин (га),Ҳосилнокӣ (т/га),Истеҳсолот (т),Арзиш (сом/т),Воридот (т),Содирот (т),Истеъмолот (т),Худтаъминкуни (%),Ҳарорат (°C),Боришот (мм),Минтақаи иқлимӣ,Ҳосилнокии баланд
2023,Январ,Хатлон,Гандум,0.0,0.0,0.0,0.0,6863.3,0.0,12374.6,55.5,4.0,33.7,Водии,0
2023,Феврал,Хатлон,Гандум,0.0,0.0,0.0,0.0,8549.4,0.0,12597.7,61.0,3.6,32.2,Водии,0
2023,Март,Хатлон,Гандум,0.0,0.0,0.0,0.0,9143.8,0.0,12991.6,57.6,16.7,73.4,Водии,0
2023,Апрел,Хатлон,Гандум,0.0,0.0,0.0,0.0,8200.3,0.0,13627.8,62.0,21.5,90.2,Водии,1
2023,Май,Хатлон,Гандум,0.0,0.0,0.0,0.0,11263.4,0.0,17265.1,64.2,31.8,80.9,Водии,1
2023,Июн,Хатлон,Гандум,53405.5,4.16,222092.0,5542.07,0.0,202191.8,16056.7,60.0,38.4,41.3,Водии,1
2023,Июл,Хатлон,Гандум,53405.5,4.16,222092.0,5138.82,0.0,150697.8,18824.5,60.0,31.3,26.4,Водии,1
2023,Август,Хатлон,Гандум,0.0,0.0,0.0,0.0,12552.6,0.0,16943.9,60.0,35.2,24.8,Водии,1
2023,Сентябр,Хатлон,Гандум,0.0,0.0,0.0,0.0,11199.7,0.0,15624.5,60.0,27.8,54.6,Водии,1
2023,Октябр,Хатлон,Гандум,0.0,0.0,0.0,0.0,7013.3,0.0,12218.6,57.4,26.5,44.1,Водии,1
2023,Ноябр,Хатлон,Гандум,0.0,0.0,0.0,0.0,8579.2,0.0,13870.4,60.0,20.6,50.0,Водии,1
2023,Декабр,Хатлон,Гандум,0.0,0.0,0.0,0.0,10483.5,0.0,13194.2,60.0,18.1,46.1,Водии,0
2023,Январ,Хатлон,Картошка,0.0,0.0,0.0,0.0,2067.2,0.0,2912.0,60.0,16.1,33.4,Водии,0
2023,Феврал,Хатлон,Картошка,0.0,0.0,0.0,0.0,1722.2,0.0,2553.1,60.0,18.6,40.1,Водии,1
2023,Март,Хатлон,Картошка,0.0,0.0,0.0,0.0,1799.7,0.0,2950.4,60.0,17.2,75.2,Водии,0
2023,Апрел,Хатлон,Картошка,0.0,0.0,0.0,0.0,2522.2,0.0,3312.4,60.0,27.4,95.8,Водии,1
2023,Май,Хатлон,Картошка,2489.3,24.37,60675.2,7321.4,0.0,20279.2,3445.1,60.0,28.8,82.5,Водии,1
2023,Июн,Хатлон,Картошка,2489.3,24.37,60675.2,8090.39,0.0,37257.3,3623.0,60.0,33.8,54.0,Водии,1
2023,Июл,Хатлон,Картошка,0.0,0.0,0.0,0.0,2843.2,0.0,3695.4,60.0,39.0,53.5,Водии,1
2023,Август,Хатлон,Картошка,0.0,0.0,0.0,0.0,2654.3,0.0,3305.0,60.0,32.0,26.0,Водии,1
2023,Сентябр,Хатлон,Картошка,2489.3,24.37,60675.2,7123.29,0.0,19522.0,3417.2,60.0,26.3,40.6,Водии,1
2023,Октябр,Хатлон,Картошка,0.0,0.0,0.0,0.0,1902.8,0.0,3262.0,58.3,23.0,66.5,Водии,1
2023,Ноябр,Хатлон,Картошка,0.0,0.0,0.0,0.0,2166.7,0.0,3030.8,60.0,14.9,56.1,Водии,0
2023,Декабр,Хатлон,Картошка,0.0,0.0,0.0,0.0,1698.5,0.0,2613.1,60.0,19.9,44.0,Водии,1
2023,Январ,Хатлон,Сабзавот,0.0,0.0,0.0,0.0,5243.4,0.0,9255.7,56.7,17.4,38.3,Водии,0
2023,Феврал,Хатлон,Сабзавот,0.0,0.0,0.0,0.0,4789.7,0.0,8109.1,59.1,16.1,32.5,Водии,0
2023,Март,Хатлон,Сабзавот,0.0,0.0,0.0,0.0,6408.2,0.0,10424.4,60.0,22.3,79.7,Водии,1
2023,Апрел,Хатлон,Сабзавот,0.0,0.0,0.0,0.0,8158.5,0.0,11346.7,60.0,24.2,88.9,Водии,1
2023,Май,Хатлон,Сабзавот,0.0,0.0,0.0,0.0,8719.5,0.0,13135.2,60.0,31.3,84.1,Водии,1
2023,Июн,Хатлон,Сабзавот,9022.3,19.67,177500.4,4472.57,0.0,107626.9,13200.0,60.0,35.9,51.9,Водии,1
2023,Июл,Хатлон,Сабзавот,9022.3,19.67,177500.4,5945.83,0.0,156754.5,14145.2,60.0,42.6,29.2,Водии,1
2023,Август,Хатлон,Сабзавот,9022.3,19.67,177500.4,4417.0,0.0,88778.2,12842.7,60.0,35.8,33.1,Водии,1
2023,Сентябр,Хатлон,Сабзавот,9022.3,19.67,177500.4,5312.51,0.0,65563.1,11154.1,60.0,33.5,56.7,Водии,1
2023,Октябр,Хатлон,Сабзавот,0.0,0.0,0.0,0.0,6147.1,0.0,9719.0,60.0,29.4,64.1,Водии,1
2023,Ноябр,Хатлон,Сабзавот,0.0,0.0,0.0,0.0,7497.1,0.0,10066.8,60.0,26.6,51.5,Водии,1
2023,Декабр,Хатлон,Сабзавот,0.0,0.0,0.0,0.0,4998.9,0.0,8776.0,57.0,11.3,60.5,Водии,0
2023,Январ,Хатлон,Гӯшт,0.0,0.0,8921.3,69336.15,0.0,3631.6,3877.1,60.0,7.8,44.7,Водии,0
2023,Феврал,Хатлон,Гӯшт,0.0,0.0,8921.3,86051.89,0.0,3490.4,3747.9,60.0,9.3,42.4,Водии,0
2023,Март,Хатлон,Гӯшт,0.0,0.0,8921.3,86284.5,0.0,3291.6,4536.6,60.0,21.3,73.5,Водии,1
2023,Апрел,Хатлон,Гӯшт,0.0,0.0,8921.3,80655.7,0.0,1871.7,5242.2,60.0,23.7,92.2,Водии,1
2023,Май,Хатлон,Гӯшт,0.0,0.0,8921.3,86168.81,0.0,2780.2,5453.2,60.0,31.3,92.3,Водии,1
2023,Июн,Хатлон,Гӯшт,0.0,0.0,8921.3,79433.97,0.0,1562.1,5755.9,60.0,33.2,22.1,Водии,1
2023,Июл,Хатлон,Гӯшт,0.0,0.0,8921.3,80028.51,0.0,2128.6,5467.6,60.0,37.6,37.0,Водии,1
2023,Август,Хатлон,Гӯшт,0.0,0.0,8921.3,82194.02,0.0,2717.2,5264.6,60.0,32.7,31.6,Водии,1
2023,Сентябр,Хатлон,Гӯшт,0.0,0.0,8921.3,91151.68,0.0,3181.8,4481.2,60.0,33.7,38.1,Водии,1
2023,Октябр,Хатлон,Гӯшт,0.0,0.0,8921.3,91149.52,0.0,3077.1,4462.4,60.0,28.9,62.2,Водии,1
2023,Ноябр,Хатлон,Гӯшт,0.0,0.0,8921.3,88019.9,0.0,2709.6,3908.4,60.0,13.5,60.8,Водии,0
2023,Декабр,Хатлон,Гӯшт,0.0,0.0,8921.3,82821.28,0.0,4091.9,3740.7,60.0,18.7,35.4,Водии,1
2023,Январ,Хатлон,Шир,0.0,0.0,30613.1,11297.9,0.0,16622.1,11341.3,60.0,13.7,31.3,Водии,0
2023,Феврал,Хатлон,Шир,0.0,0.0,30613.1,10947.09,0.0,19034.2,10456.1,60.0,17.0,52.4,Водии,0
2023,Март,Хатлон,Шир,0.0,0.0,30613.1,9949.04,0.0,17541.3,11568.1,60.0,14.5,71.0,Водии,0
2023,Апрел,Хатлон,Шир,0.0,0.0,30613.1,10658.31,0.0,11493.8,14389.6,60.0,22.8,105.3,Водии,1
2023,Май,Хатлон,Шир,0.0,0.0,30613.1,9457.91,0.0,13085.0,15239.7,60.0,31.0,78.6,Водии,1
2023,Июн,Хатлон,Шир,0.0,0.0,30613.1,10067.68,0.0,13917.3,15417.6,60.0,32.6,50.0,Водии,1
2023,Июл,Хатлон,Шир,0.0,0.0,30613.1,10823.04,0.0,14260.8,14267.0,60.0,31.1,24.7,Водии,1
2023,Август,Хатлон,Шир,0.0,0.0,30613.1,11529.49,0.0,14626.0,15300.9,60.0,32.5,32.5,Водии,1
2023,Сентябр,Хатлон,Шир,0.0,0.0,30613.1,9391.63,0.0,16348.4,12999.9,60.0,30.9,45.7,Водии,1
2023,Октябр,Хатлон,Шир,0.0,0.0,30613.1,9301.85,0.0,8036.9,10935.1,60.0,26.8,59.1,Водии,1
2023,Ноябр,Хатлон,Шир,0.0,0.0,30613.1,9539.85,0.0,17796.0,10911.4,60.0,23.9,54.1,Водии,1
2023,Декабр,Хатлон,Шир,0.0,0.0,30613.1,11162.15,0.0,14421.2,9879.4,60.0,17.4,59.2,Водии,0
2023,Январ,Суғд,Гандум,0.0,0.0,0.0,0.0,7539.8,0.0,8236.6,57.0,5.9,41.5,Нисбатан кӯҳӣ,0
2023,Феврал,Суғд,Гандум,0.0,0.0,0.0,0.0,5153.2,0.0,7739.4,57.0,8.6,21.9,Нисбатан кӯҳӣ,0
2023,Март,Суғд,Гандум,0.0,0.0,0.0,0.0,9313.7,0.0,9853.9,57.0,15.5,55.6,Нисбатан кӯҳӣ,0
2023,Апрел,Суғд,Гандум,0.0,0.0,0.0,0.0,6743.7,0.0,10265.8,57.0,23.5,53.4,Нисбатан кӯҳӣ,1
2023,Май,Суғд,Гандум,0.0,0.0,0.0,0.0,10597.9,0.0,11734.7,57.0,24.5,65.4,Нисбатан кӯҳӣ,1
2023,Июн,Суғд,Гандум,35980.6,3.64,130925.5,4765.9,0.0,46082.8,12840.2,57.0,29.7,41.9,Нисбатан кӯҳӣ,1
2023,Июл,Суғд,Гандум,35980.6,3.64,130925.5,4293.72,0.0,55418.4,11500.7,57.0,38.4,24.0,Нисбатан кӯҳӣ,1
2023,Август,Суғд,Гандум,0.0,0.0,0.0,0.0,10591.9,0.0,11381.0,57.0,28.5,11.5,Нисбатан кӯҳӣ,1
2023,Сентябр,Суғд,Гандум,0.0,0.0,0.0,0.0,8770.5,0.0,10799.0,57.0,28.5,19.7,Нисбатан кӯҳӣ,1
2023,Октябр,Суғд,Гандум,0.0,0.0,0.0,0.0,6934.6,0.0,8304.4,57.0,25.3,49.4,Нисбатан кӯҳӣ,1
2023,Ноябр,Суғд,Гандум,0.0,0.0,0.0,0.0,6879.3,0.0,8638.8,57.0,14.1,41.2,Нисбатан кӯҳӣ,0
2023,Декабр,Суғд,Гандум,0.0,0.0,0.0,0.0,5686.8,0.0,8430.6,57.0,7.8,36.5,Нисбатан кӯҳӣ,0
2023,Январ,Суғд,Картошка,0.0,0.0,0.0,0.0,5968.8,0.0,7925.4,57.0,5.4,36.0,Нисбатан кӯҳӣ,0
2023,Феврал,Суғд,Картошка,0.0,0.0,0.0,0.0,6486.6,0.0,7932.4,57.0,15.6,14.4,Нисбатан кӯҳӣ,0
2023,Март,Суғд,Картошка,0.0,0.0,0.0,0.0,8417.7,0.0,8926.4,57.0,13.2,37.6,Нисбатан кӯҳӣ,0
2023,Апрел,Суғд,Картошка,0.0,0.0,0.0,0.0,5844.8,0.0,9060.2,57.0,18.3,66.9,Нисбатан кӯҳӣ,1
2023,Май,Суғд,Картошка,7635.9,21.33,162854.7,6964.56,0.0,77501.3,10112.9,57.0,25.6,60.0,Нисбатан кӯҳӣ,1
2023,Июн,Суғд,Картошка,7635.9,21.33,162854.7,5671.11,0.0,49286.6,10980.0,57.0,26.2,31.1,Нисбатан кӯҳӣ,1
2023,Июл,Суғд,Картошка,0.0,0.0,0.0,0.0,8011.8,0.0,11012.8,57.0,33.7,18.4,Нисбатан кӯҳӣ,1
2023,Август,Суғд,Картошка,0.0,0.0,0.0,0.0,10705.1,0.0,11606.9,57.0,29.0,24.9,Нисбатан кӯҳӣ,1
2023,Сентябр,Суғд,Картошка,7635.9,21.33,162854.7,6016.7,0.0,65364.9,9275.4,57.0,25.0,42.9,Нисбатан кӯҳӣ,1
2023,Октябр,Суғд,Картошка,0.0,0.0,0.0,0.0,7696.4,0.0,8932.6,57.0,19.2,42.5,Нисбатан кӯҳӣ,1
2023,Ноябр,Суғд,Картошка,0.0,0.0,0.0,0.0,6738.0,0.0,8570.0,57.0,12.5,37.6,Нисбатан кӯҳӣ,0
2023,Декабр,Суғд,Картошка,0.0,0.0,0.0,0.0,5655.9,0.0,7726.2,57.0,8.4,19.3,Нисбатан кӯҳӣ,0
2023,Январ,Суғд,Сабзавот,0.0,0.0,0.0,0.0,7581.2,0.0,8315.6,57.0,10.8,35.8,Нисбатан кӯҳӣ,0
2023,Феврал,Суғд,Сабзавот,0.0,0.0,0.0,0.0,6506.0,0.0,8256.5,57.0,12.2,26.5,Нисбатан кӯҳӣ,0
2023,Март,Суғд,Сабзавот,0.0,0.0,0.0,0.0,6956.4,0.0,9567.6,57.0,14.0,52.5,Нисбатан кӯҳӣ,0
2023,Апрел,Суғд,Сабзавот,0.0,0.0,0.0,0.0,6616.0,0.0,10123.9,57.0,16.9,57.1,Нисбатан кӯҳӣ,0
2023,Май,Суғд,Сабзавот,0.0,0.0,0.0,0.0,10250.0,0.0,11216.1,57.0,27.6,55.6,Нисбатан кӯҳӣ,1
2023,Июн,Суғд,Сабзавот,8480.8,17.21,145991.7,5333.65,0.0,72187.8,11991.3,57.0,28.9,36.0,Нисбатан кӯҳӣ,1
2023,Июл,Суғд,Сабзавот,8480.8,17.21,145991.7,4635.18,0.0,83616.6,14116.4,57.0,30.0,28.6,Нисбатан кӯҳӣ,1
2023,Август,Суғд,Сабзавот,8480.8,17.21,145991.7,4500.76,0.0,74635.5,11576.8,57.0,31.7,25.1,Нисбатан кӯҳӣ,1
2023,Сентябр,Суғд,Сабзавот,8480.8,17.21,145991.7,4535.06,0.0,79915.1,10239.6,57.0,21.5,28.9,Нисбатан кӯҳӣ,1
2023,Октябр,Суғд,Сабзавот,0.0,0.0,0.0,0.0,8638.3,0.0,9126.7,57.0,25.1,31.0,Нисбатан кӯҳӣ,1
2023,Ноябр,Суғд,Сабзавот,0.0,0.0,0.0,0.0,8080.2,0.0,9994.4,57.0,14.8,34.4,Нисбатан кӯҳӣ,0
2023,Декабр,Суғд,Сабзавот,0.0,0.0,0.0,0.0,8997.9,0.0,9595.1,57.0,13.4,26.8,Нисбатан кӯҳӣ,0
2023,Январ,Суғд,Гӯшт,0.0,0.0,7087.1,63721.2,0.0,2948.1,3425.3,57.0,6.3,27.2,Нисбатан кӯҳӣ,0
2023,Феврал,Суғд,Гӯшт,0.0,0.0,7087.1,68262.81,0.0,2210.2,3486.5,57.0,16.2,24.7,Нисбатан кӯҳӣ,0
2023,Март,Суғд,Гӯшт,0.0,0.0,7087.1,70725.19,0.0,1779.9,3704.4,57.0,14.0,50.6,Нисбатан кӯҳӣ,0
2023,Апрел,Суғд,Гӯшт,0.0,0.0,7087.1,80380.01,0.0,1914.7,4029.2,57.0,20.5,73.2,Нисбатан кӯҳӣ,1
2023,Май,Суғд,Гӯшт,0.0,0.0,7087.1,74733.81,0.0,2260.7,4175.3,57.0,30.0,52.3,Нисбатан кӯҳӣ,1
2023,Июн,Суғд,Гӯшт,0.0,0.0,7087.1,63266.35,0.0,1834.1,4629.8,57.0,32.3,34.7,Нисбатан кӯҳӣ,1
2023,Июл,Суғд,Гӯшт,0.0,0.0,7087.1,65007.31,0.0,1875.7,4721.0,57.0,29.0,30.1,Нисбатан кӯҳӣ,1
2023,Август,Суғд,Гӯшт,0.0,0.0,7087.1,77157.22,0.0,1635.8,4698.0,57.0,30.5,10.0,Нисбатан кӯҳӣ,1
2023,Сентябр,Суғд,Гӯшт,0.0,0.0,7087.1,73453.54,0.0,2725.2,3862.3,57.0,28.7,34.2,Нисбатан кӯҳӣ,1
2023,Октябр,Суғд,Гӯшт,0.0,0.0,7087.1,61714.43,0.0,2222.5,3754.4,57.0,24.9,45.8,Нисбатан кӯҳӣ,1
2023,Ноябр,Суғд,Гӯшт,0.0,0.0,7087.1,75716.96,0.0,2888.7,3702.6,57.0,14.7,48.7,Нисбатан кӯҳӣ,0
2023,Декабр,Суғд,Гӯшт,0.0,0.0,7087.1,70424.66,0.0,2924.3,3668.2,57.0,7.2,36.8,Нисбатан кӯҳӣ,0
2023,Январ,Суғд,Шир,0.0,0.0,21083.3,8048.11,0.0,7417.8,7331.4,57.0,3.3,15.9,Нисбатан кӯҳӣ,0
2023,Феврал,Суғд,Шир,0.0,0.0,21083.3,8620.51,0.0,11781.5,7253.8,57.0,9.1,41.4,Нисбатан кӯҳӣ,0
2023,Март,Суғд,Шир,0.0,0.0,21083.3,8233.35,0.0,7728.5,7559.4,57.0,12.6,46.2,Нисбатан кӯҳӣ,0
2023,Апрел,Суғд,Шир,0.0,0.0,21083.3,8066.42,0.0,8248.4,8941.8,57.0,22.3,55.1,Нисбатан кӯҳӣ,1
2023,Май,Суғд,Шир,0.0,0.0,21083.3,9039.24,0.0,11028.5,8803.9,57.0,29.7,57.6,Нисбатан кӯҳӣ,1
2023,Июн,Суғд,Шир,0.0,0.0,21083.3,8166.62,0.0,4681.5,9786.7,57.0,29.9,32.9,Нисбатан кӯҳӣ,1
2023,Июл,Суғд,Шир,0.0,0.0,21083.3,9236.89,0.0,5782.8,10973.1,57.0,32.1,21.3,Нисбатан кӯҳӣ,1
2023,Август,Суғд,Шир,0.0,0.0,21083.3,8882.63,0.0,9361.0,10294.6,57.0,27.4,34.0,Нисбатан кӯҳӣ,1
2023,Сентябр,Суғд,Шир,0.0,0.0,21083.3,9406.75,0.0,5164.7,7964.7,57.0,24.3,37.8,Нисбатан кӯҳӣ,1
2023,Октябр,Суғд,Шир,0.0,0.0,21083.3,9518.71,0.0,5020.8,7231.5,57.0,16.3,45.7,Нисбатан кӯҳӣ,0
2023,Ноябр,Суғд,Шир,0.0,0.0,21083.3,9347.47,0.0,6283.8,6991.2,57.0,14.3,27.4,Нисбатан кӯҳӣ,0
2023,Декабр,Суғд,Шир,0.0,0.0,21083.3,7938.09,0.0,11881.0,6902.1,57.0,7.2,18.0,Нисбатан кӯҳӣ,0
2023,Январ,ВМКБ,Гандум,0.0,0.0,0.0,0.0,1576.2,0.0,1328.8,5.0,-7.8,18.7,Кӯҳӣ,0
2023,Феврал,ВМКБ,Гандум,0.0,0.0,0.0,0.0,1239.6,0.0,1374.4,5.0,-6.8,48.6,Кӯҳӣ,0
2023,Март,ВМКБ,Гандум,0.0,0.0,0.0,0.0,1742.6,0.0,1438.3,5.0,-2.8,68.8,Кӯҳӣ,0
2023,Апрел,ВМКБ,Гандум,0.0,0.0,0.0,0.0,2036.4,0.0,1780.2,5.0,2.6,66.3,Кӯҳӣ,0
2023,Май,ВМКБ,Гандум,0.0,0.0,0.0,0.0,1658.3,0.0,1848.1,5.0,15.5,72.8,Кӯҳӣ,0
2023,Июн,ВМКБ,Гандум,5592.9,0.69,3876.4,914.14,0.0,95.2,1822.0,5.0,17.6,48.2,Кӯҳӣ,0
2023,Июл,ВМКБ,Гандум,5592.9,0.69,3876.4,936.78,0.0,62.6,1835.5,5.0,22.4,37.9,Кӯҳӣ,1
2023,Август,ВМКБ,Гандум,0.0,0.0,0.0,0.0,1987.8,0.0,1836.2,5.0,18.0,14.8,Кӯҳӣ,0
2023,Сентябр,ВМКБ,Гандум,0.0,0.0,0.0,0.0,1327.3,0.0,1656.2,5.0,14.9,34.0,Кӯҳӣ,0
2023,Октябр,ВМКБ,Гандум,0.0,0.0,0.0,0.0,1362.6,0.0,1423.6,5.0,4.0,58.4,Кӯҳӣ,0
2023,Ноябр,ВМКБ,Гандум,0.0,0.0,0.0,0.0,1439.0,0.0,1443.9,5.0,3.4,50.6,Кӯҳӣ,0
2023,Декабр,ВМКБ,Гандум,0.0,0.0,0.0,0.0,1100.3,0.0,1223.4,5.0,-4.5,34.2,Кӯҳӣ,0
2023,Январ,ВМКБ,Картошка,0.0,0.0,0.0,0.0,1967.9,0.0,1740.3,5.0,-9.4,44.2,Кӯҳӣ,0
2023,Феврал,ВМКБ,Картошка,0.0,0.0,0.0,0.0,1826.4,0.0,1867.8,5.0,0.1,42.8,Кӯҳӣ,0
2023,Март,ВМКБ,Картошка,0.0,0.0,0.0,0.0,2001.5,0.0,1908.9,5.0,-3.3,65.0,Кӯҳӣ,0
2023,Апрел,ВМКБ,Картошка,0.0,0.0,0.0,0.0,2116.2,0.0,2061.5,5.0,9.3,88.6,Кӯҳӣ,0
2023,Май,ВМКБ,Картошка,1681.2,4.06,6829.5,1191.42,0.0,351.1,2492.3,5.0,16.8,73.4,Кӯҳӣ,0
2023,Июн,ВМКБ,Картошка,1681.2,4.06,6829.5,1432.83,0.0,281.7,2433.9,5.0,11.0,48.4,Кӯҳӣ,0
2023,Июл,ВМКБ,Картошка,0.0,0.0,0.0,0.0,3446.4,0.0,2820.7,5.0,18.3,30.2,Кӯҳӣ,1
2023,Август,ВМКБ,Картошка,0.0,0.0,0.0,0.0,2676.7,0.0,2313.2,5.0,16.8,22.5,Кӯҳӣ,0
2023,Сентябр,ВМКБ,Картошка,1681.2,4.06,6829.5,1204.91,0.0,345.7,2013.9,5.0,11.0,51.6,Кӯҳӣ,0
2023,Октябр,ВМКБ,Картошка,0.0,0.0,0.0,0.0,2052.4,0.0,1927.5,5.0,7.8,50.7,Кӯҳӣ,0
2023,Ноябр,ВМКБ,Картошка,0.0,0.0,0.0,0.0,2363.3,0.0,2066.8,5.0,0.4,40.9,Кӯҳӣ,0
2023,Декабр,ВМКБ,Картошка,0.0,0.0,0.0,0.0,1910.2,0.0,1792.8,5.0,2.5,31.4,Кӯҳӣ,0
2023,Январ,ВМКБ,Сабзавот,0.0,0.0,0.0,0.0,1235.3,0.0,1107.3,5.0,-7.3,19.2,Кӯҳӣ,0
2023,Феврал,ВМКБ,Сабзавот,0.0,0.0,0.0,0.0,956.5,0.0,1079.2,5.0,-8.9,34.7,Кӯҳӣ,0
2023,Март,ВМКБ,Сабзавот,0.0,0.0,0.0,0.0,1330.1,0.0,1221.1,5.0,4.8,67.9,Кӯҳӣ,0
2023,Апрел,ВМКБ,Сабзавот,0.0,0.0,0.0,0.0,1486.3,0.0,1497.3,5.0,3.2,81.3,Кӯҳӣ,0
2023,Май,ВМКБ,Сабзавот,0.0,0.0,0.0,0.0,1552.7,0.0,1532.3,5.0,10.2,65.0,Кӯҳӣ,0
2023,Июн,ВМКБ,Сабзавот,1056.8,3.28,3465.1,777.0,0.0,89.2,1715.9,5.0,22.4,35.4,Кӯҳӣ,1
2023,Июл,ВМКБ,Сабзавот,1056.8,3.28,3465.1,1061.36,0.0,69.7,1688.7,5.0,18.0,42.4,Кӯҳӣ,0
2023,Август,ВМКБ,Сабзавот,1056.8,3.28,3465.1,836.99,0.0,172.5,1377.4,5.0,13.5,27.7,Кӯҳӣ,0
2023,Сентябр,ВМКБ,Сабзавот,1056.8,3.28,3465.1,772.86,0.0,129.1,1417.7,5.0,8.8,39.7,Кӯҳӣ,0
2023,Октябр,ВМКБ,Сабзавот,0.0,0.0,0.0,0.0,1008.0,0.0,1145.3,5.0,4.8,49.9,Кӯҳӣ,0
2023,Ноябр,ВМКБ,Сабзавот,0.0,0.0,0.0,0.0,1241.5,0.0,1182.9,5.0,0.6,50.5,Кӯҳӣ,0
2023,Декабр,ВМКБ,Сабзавот,0.0,0.0,0.0,0.0,1265.4,0.0,1072.6,5.0,0.1,41.6,Кӯҳӣ,0
2023,Январ,ВМКБ,Гӯшт,0.0,0.0,7199.4,14029.41,0.0,261.4,3508.3,5.0,-3.4,31.2,Кӯҳӣ,0
2023,Феврал,ВМКБ,Гӯшт,0.0,0.0,7199.4,12186.66,0.0,293.6,3263.7,5.0,-3.0,36.5,Кӯҳӣ,0
2023,Март,ВМКБ,Гӯшт,0.0,0.0,7199.4,14197.36,0.0,152.7,3848.9,5.0,0.5,61.8,Кӯҳӣ,0
2023,Апрел,ВМКБ,Гӯшт,0.0,0.0,7199.4,15653.17,0.0,178.6,4340.3,5.0,8.7,76.4,Кӯҳӣ,0
2023,Май,ВМКБ,Гӯшт,0.0,0.0,7199.4,12110.25,0.0,208.7,4320.9,5.0,14.7,57.8,Кӯҳӣ,0
2023,Июн,ВМКБ,Гӯшт,0.0,0.0,7199.4,15726.47,0.0,227.7,4432.1,5.0,11.6,52.5,Кӯҳӣ,0
2023,Июл,ВМКБ,Гӯшт,0.0,0.0,7199.4,13134.57,0.0,121.8,5053.7,5.0,21.2,12.4,Кӯҳӣ,1
2023,Август,ВМКБ,Гӯшт,0.0,0.0,7199.4,14543.19,0.0,233.2,4197.3,5.0,16.0,30.2,Кӯҳӣ,0
2023,Сентябр,ВМКБ,Гӯшт,0.0,0.0,7199.4,13336.14,0.0,214.5,4058.8,5.0,10.4,41.9,Кӯҳӣ,0
2023,Октябр,ВМКБ,Гӯшт,0.0,0.0,7199.4,12608.29,0.0,138.1,4045.6,5.0,5.0,49.3,Кӯҳӣ,0
2023,Ноябр,ВМКБ,Гӯшт,0.0,0.0,7199.4,15130.03,0.0,135.9,3896.1,5.0,3.7,48.6,Кӯҳӣ,0
2023,Декабр,ВМКБ,Гӯшт,0.0,0.0,7199.4,12151.69,0.0,246.5,3551.2,5.0,-3.1,29.6,Кӯҳӣ,0
2023,Январ,ВМКБ,Шир,0.0,0.0,29824.7,1538.22,0.0,1170.4,10153.1,5.0,-3.8,24.8,Кӯҳӣ,0
2023,Феврал,ВМКБ,Шир,0.0,0.0,29824.7,1520.18,0.0,1113.8,10390.4,5.0,-4.5,22.3,Кӯҳӣ,0
2023,Март,ВМКБ,Шир,0.0,0.0,29824.7,1832.35,0.0,1416.4,12468.0,5.0,-4.8,59.6,Кӯҳӣ,0
2023,Апрел,ВМКБ,Шир,0.0,0.0,29824.7,1588.59,0.0,1543.7,12519.0,5.0,8.3,78.2,Кӯҳӣ,0
2023,Май,ВМКБ,Шир,0.0,0.0,29824.7,1579.4,0.0,972.4,13900.2,5.0,10.0,67.8,Кӯҳӣ,0
2023,Июн,ВМКБ,Шир,0.0,0.0,29824.7,1874.1,0.0,1000.1,15810.7,5.0,12.4,51.2,Кӯҳӣ,0
2023,Июл,ВМКБ,Шир,0.0,0.0,29824.7,1567.64,0.0,1351.7,14138.5,5.0,19.7,33.1,Кӯҳӣ,1
2023,Август,ВМКБ,Шир,0.0,0.0,29824.7,1686.84,0.0,1156.6,15016.6,5.0,20.5,41.6,Кӯҳӣ,1
2023,Сентябр,ВМКБ,Шир,0.0,0.0,29824.7,1571.5,0.0,1223.3,13269.7,5.0,7.8,36.1,Кӯҳӣ,0
2023,Октябр,ВМКБ,Шир,0.0,0.0,29824.7,1911.82,0.0,730.7,12892.3,5.0,8.5,49.8,Кӯҳӣ,0
2023,Ноябр,ВМКБ,Шир,0.0,0.0,29824.7,1612.67,0.0,1338.6,11526.2,5.0,5.0,46.0,Кӯҳӣ,0
2023,Декабр,ВМКБ,Шир,0.0,0.0,29824.7,1541.17,0.0,1393.2,10151.0,5.0,-1.6,31.1,Кӯҳӣ,0
2023,Январ,НТҶ,Гандум,0.0,0.0,0.0,0.0,5729.7,0.0,5233.6,25.0,8.3,22.8,Мухталиф,0
2023,Феврал,НТҶ,Гандум,0.0,0.0,0.0,0.0,6831.2,0.0,5333.7,25.0,18.0,23.1,Мухталиф,0
2023,Март,НТҶ,Гандум,0.0,0.0,0.0,0.0,6941.6,0.0,5732.2,25.0,15.2,53.8,Мухталиф,0
2023,Апрел,НТҶ,Гандум,0.0,0.0,0.0,0.0,6694.1,0.0,6907.7,25.0,28.7,51.6,Мухталиф,1
2023,Май,НТҶ,Гандум,0.0,0.0,0.0,0.0,7839.5,0.0,7878.8,25.0,28.1,53.3,Мухталиф,1
2023,Июн,НТҶ,Гандум,24602.4,2.6,63944.6,2048.68,0.0,17118.9,7714.7,25.0,33.5,19.0,Мухталиф,1
2023,Июл,НТҶ,Гандум,24602.4,2.6,63944.6,2171.45,0.0,12603.0,8532.3,25.0,30.5,20.6,Мухталиф,1
2023,Август,НТҶ,Гандум,0.0,0.0,0.0,0.0,6401.1,0.0,6819.9,25.0,33.8,25.5,Мухталиф,1
2023,Сентябр,НТҶ,Гандум,0.0,0.0,0.0,0.0,6707.8,0.0,6508.8,25.0,30.5,25.2,Мухталиф,1
2023,Октябр,НТҶ,Гандум,0.0,0.0,0.0,0.0,7004.3,0.0,5444.0,25.0,22.3,38.1,Мухталиф,1
2023,Ноябр,НТҶ,Гандум,0.0,0.0,0.0,0.0,7860.2,0.0,5797.3,25.0,13.6,30.9,Мухталиф,0
2023,Декабр,НТҶ,Гандум,0.0,0.0,0.0,0.0,7562.1,0.0,5433.7,25.0,9.2,30.4,Мухталиф,0
2023,Январ,НТҶ,Картошка,0.0,0.0,0.0,0.0,6066.4,0.0,5201.4,25.0,7.4,28.3,Мухталиф,0
2023,Феврал,НТҶ,Картошка,0.0,0.0,0.0,0.0,6264.5,0.0,5351.1,25.0,15.1,33.4,Мухталиф,0
2023,Март,НТҶ,Картошка,0.0,0.0,0.0,0.0,7072.8,0.0,5642.2,25.0,11.7,37.0,Мухталиф,0
2023,Апрел,НТҶ,Картошка,0.0,0.0,0.0,0.0,7036.4,0.0,7085.9,25.0,28.7,57.2,Мухталиф,1
2023,Май,НТҶ,Картошка,4972.0,15.23,75743.3,3105.31,0.0,22987.7,7195.9,25.0,31.0,58.5,Мухталиф,1
2023,Июн,НТҶ,Картошка,4972.0,15.23,75743.3,2725.3,0.0,23775.8,7356.5,25.0,34.9,27.5,Мухталиф,1
2023,Июл,НТҶ,Картошка,0.0,0.0,0.0,0.0,10982.0,0.0,8378.4,25.0,37.8,19.0,Мухталиф,1
2023,Август,НТҶ,Картошка,0.0,0.0,0.0,0.0,8692.0,0.0,6950.9,25.0,36.8,15.1,Мухталиф,1
2023,Сентябр,НТҶ,Картошка,4972.0,15.23,75743.3,2843.43,0.0,12786.9,7019.5,25.0,22.7,16.5,Мухталиф,1
2023,Октябр,НТҶ,Картошка,0.0,0.0,0.0,0.0,7433.1,0.0,5875.4,25.0,21.7,24.4,Мухталиф,1
2023,Ноябр,НТҶ,Картошка,0.0,0.0,0.0,0.0,5057.3,0.0,5389.1,25.0,17.9,49.5,Мухталиф,0
2023,Декабр,НТҶ,Картошка,0.0,0.0,0.0,0.0,7131.9,0.0,5270.2,25.0,11.1,11.3,Мухталиф,0
2023,Январ,НТҶ,Сабзавот,0.0,0.0,0.0,0.0,4046.8,0.0,3429.1,25.0,14.4,27.8,Мухталиф,0
2023,Феврал,НТҶ,Сабзавот,0.0,0.0,0.0,0.0,3349.5,0.0,3682.5,25.0,9.0,26.7,Мухталиф,0
2023,Март,НТҶ,Сабзавот,0.0,0.0,0.0,0.0,4933.3,0.0,3557.6,25.0,20.4,39.8,Мухталиф,1
2023,Апрел,НТҶ,Сабзавот,0.0,0.0,0.0,0.0,4256.5,0.0,4113.3,25.0,21.3,67.1,Мухталиф,1
2023,Май,НТҶ,Сабзавот,0.0,0.0,0.0,0.0,5284.7,0.0,4330.2,25.0,25.5,47.2,Мухталиф,1
2023,Июн,НТҶ,Сабзавот,3170.8,12.3,38988.4,1760.53,0.0,12197.8,4564.1,25.0,29.3,15.3,Мухталиф,1
2023,Июл,НТҶ,Сабзавот,3170.8,12.3,38988.4,2275.09,0.0,9932.5,5326.4,25.0,35.7,17.6,Мухталиф,1
2023,Август,НТҶ,Сабзавот,3170.8,12.3,38988.4,2279.74,0.0,11263.6,4906.3,25.0,30.6,6.3,Мухталиф,1
2023,Сентябр,НТҶ,Сабзавот,3170.8,12.3,38988.4,1897.42,0.0,14525.1,4405.4,25.0,25.5,35.2,Мухталиф,1
2023,Октябр,НТҶ,Сабзавот,0.0,0.0,0.0,0.0,4480.8,0.0,3992.0,25.0,18.0,52.2,Мухталиф,0
2023,Ноябр,НТҶ,Сабзавот,0.0,0.0,0.0,0.0,3581.5,0.0,3624.2,25.0,20.4,30.5,Мухталиф,1
2023,Декабр,НТҶ,Сабзавот,0.0,0.0,0.0,0.0,3777.2,0.0,3053.5,25.0,12.8,13.5,Мухталиф,0
2023,Январ,НТҶ,Гӯшт,0.0,0.0,5803.1,35997.27,0.0,912.7,2751.0,25.0,9.1,34.4,Мухталиф,0
2023,Феврал,НТҶ,Гӯшт,0.0,0.0,5803.1,28281.41,0.0,1341.8,2803.9,25.0,9.7,37.5,Мухталиф,0
2023,Март,НТҶ,Гӯшт,0.0,0.0,5803.1,27942.33,0.0,510.8,2864.5,25.0,14.7,42.3,Мухталиф,0
2023,Апрел,НТҶ,Гӯшт,0.0,0.0,5803.1,29406.08,0.0,1087.8,3014.6,25.0,23.8,62.7,Мухталиф,1
2023,Май,НТҶ,Гӯшт,0.0,0.0,5803.1,30823.49,0.0,539.0,3623.7,25.0,33.6,43.4,Мухталиф,1
2023,Июн,НТҶ,Гӯшт,0.0,0.0,5803.1,29626.28,0.0,811.0,3948.6,25.0,35.1,16.7,Мухталиф,1
2023,Июл,НТҶ,Гӯшт,0.0,0.0,5803.1,34700.51,0.0,632.3,3585.4,25.0,36.5,12.3,Мухталиф,1
2023,Август,НТҶ,Гӯшт,0.0,0.0,5803.1,33033.91,0.0,791.4,3954.6,25.0,39.2,20.6,Мухталиф,1
2023,Сентябр,НТҶ,Гӯшт,0.0,0.0,5803.1,28453.63,0.0,1044.8,3028.8,25.0,31.8,21.7,Мухталиф,1
2023,Октябр,НТҶ,Гӯшт,0.0,0.0,5803.1,32080.87,0.0,1315.1,2752.6,25.0,19.7,17.8,Мухталиф,1
2023,Ноябр,НТҶ,Гӯшт,0.0,0.0,5803.1,35535.06,0.0,882.4,2907.3,25.0,20.5,32.2,Мухталиф,1
2023,Декабр,НТҶ,Гӯшт,0.0,0.0,5803.1,34803.25,0.0,1309.5,2635.5,25.0,15.3,32.4,Мухталиф,0
2023,Январ,НТҶ,Шир,0.0,0.0,20528.0,3673.51,0.0,3773.9,6596.5,25.0,17.3,29.7,Мухталиф,0
2023,Феврал,НТҶ,Шир,0.0,0.0,20528.0,4335.9,0.0,5662.1,6670.8,25.0,14.5,29.0,Мухталиф,0
2023,Март,НТҶ,Шир,0.0,0.0,20528.0,3899.62,0.0,3924.5,7479.7,25.0,11.5,42.5,Мухталиф,0
2023,Апрел,НТҶ,Шир,0.0,0.0,20528.0,3888.86,0.0,3051.5,9619.8,25.0,21.9,54.8,Мухталиф,1
2023,Май,НТҶ,Шир,0.0,0.0,20528.0,4174.47,0.0,2289.4,9870.4,25.0,25.1,47.3,Мухталиф,1
2023,Июн,НТҶ,Шир,0.0,0.0,20528.0,3655.88,0.0,4954.1,9481.0,25.0,34.2,25.6,Мухталиф,1
2023,Июл,НТҶ,Шир,0.0,0.0,20528.0,4104.83,0.0,1641.0,10799.7,25.0,37.3,0.6,Мухталиф,1
2023,Август,НТҶ,Шир,0.0,0.0,20528.0,3990.14,0.0,4840.8,8891.0,25.0,28.5,3.1,Мухталиф,1
2023,Сентябр,НТҶ,Шир,0.0,0.0,20528.0,4293.06,0.0,4127.0,9376.5,25.0,28.6,23.6,Мухталиф,1
2023,Октябр,НТҶ,Шир,0.0,0.0,20528.0,3573.63,0.0,2675.9,8056.5,25.0,20.4,39.6,Мухталиф,1
2023,Ноябр,НТҶ,Шир,0.0,0.0,20528.0,3933.79,0.0,4250.9,7006.8,25.0,15.2,30.1,Мухталиф,0
2023,Декабр,НТҶ,Шир,0.0,0.0,20528.0,3939.23,0.0,3624.4,7021.3,25.0,15.0,32.8,Мухталиф,0
2024,Январ,Хатлон,Гандум,0.0,0.0,0.0,0.0,9239.5,0.0,11784.8,60.0,11.3,41.8,Водии,0
2024,Феврал,Хатлон,Гандум,0.0,0.0,0.0,0.0,6329.1,0.0,11579.1,54.7,20.9,35.9,Водии,1
2024,Март,Хатлон,Гандум,0.0,0.0,0.0,0.0,9136.5,0.0,13836.6,60.0,16.8,76.4,Водии,0
2024,Апрел,Хатлон,Гандум,0.0,0.0,0.0,0.0,10801.8,0.0,15277.4,60.0,28.9,103.4,Водии,1
2024,Май,Хатлон,Гандум,0.0,0.0,0.0,0.0,12954.0,0.0,17755.1,60.0,34.1,92.6,Водии,1
2024,Июн,Хатлон,Гандум,56580.7,3.73,210909.5,5700.08,0.0,107699.6,16244.6,60.0,32.8,64.4,Водии,1
2024,Июл,Хатлон,Гандум,56580.7,3.73,210909.5,4946.04,0.0,93764.9,19105.2,60.0,34.3,42.5,Водии,1
2024,Август,Хатлон,Гандум,0.0,0.0,0.0,0.0,12358.9,0.0,15506.3,60.0,38.3,32.3,Водии,1
2024,Сентябр,Хатлон,Гандум,0.0,0.0,0.0,0.0,10692.2,0.0,15607.5,60.0,34.1,57.4,Водии,1
2024,Октябр,Хатлон,Гандум,0.0,0.0,0.0,0.0,8987.9,0.0,12629.1,60.0,29.9,54.8,Водии,1
2024,Ноябр,Хатлон,Гандум,0.0,0.0,0.0,0.0,8283.0,0.0,13640.1,60.0,22.8,67.6,Водии,1
2024,Декабр,Хатлон,Гандум,0.0,0.0,0.0,0.0,8660.3,0.0,12369.5,60.0,16.6,45.0,Водии,0
2024,Январ,Хатлон,Картошка,0.0,0.0,0.0,0.0,2162.7,0.0,2773.6,60.0,12.4,29.2,Водии,0
2024,Феврал,Хатлон,Картошка,0.0,0.0,0.0,0.0,1729.4,0.0,2862.0,60.0,15.9,45.6,Водии,0
2024,Март,Хатлон,Картошка,0.0,0.0,0.0,0.0,2292.4,0.0,2913.2,60.0,13.1,77.2,Водии,0
2024,Апрел,Хатлон,Картошка,0.0,0.0,0.0,0.0,2362.8,0.0,3602.3,60.0,22.4,93.0,Водии,1
2024,Май,Хатлон,Картошка,2512.7,26.16,65742.2,7001.2,0.0,35407.9,3957.4,60.0,32.3,72.7,Водии,1
2024,Июн,Хатлон,Картошка,2512.7,26.16,65742.2,7350.19,0.0,20488.6,4052.6,60.0,32.9,68.5,Водии,1
2024,Июл,Хатлон,Картошка,0.0,0.0,0.0,0.0,2247.9,0.0,4011.0,56.0,40.1,45.7,Водии,1
2024,Август,Хатлон,Картошка,0.0,0.0,0.0,0.0,2957.7,0.0,3727.1,60.0,37.3,30.0,Водии,1
2024,Сентябр,Хатлон,Картошка,2512.7,26.16,65742.2,7656.7,0.0,34540.9,3008.6,60.0,32.0,38.9,Водии,1
2024,Октябр,Хатлон,Картошка,0.0,0.0,0.0,0.0,1960.4,0.0,2896.9,60.0,22.0,72.1,Водии,1
2024,Ноябр,Хатлон,Картошка,0.0,0.0,0.0,0.0,2613.6,0.0,3134.1,60.0,19.0,63.8,Водии,1
2024,Декабр,Хатлон,Картошка,0.0,0.0,0.0,0.0,1668.7,0.0,2493.9,60.0,14.5,57.1,Водии,0
2024,Январ,Хатлон,Сабзавот,0.0,0.0,0.0,0.0,5515.4,0.0,8432.1,60.0,10.1,37.1,Водии,0
2024,Феврал,Хатлон,Сабзавот,0.0,0.0,0.0,0.0,7223.8,0.0,8637.7,60.0,12.2,46.1,Водии,0
2024,Март,Хатлон,Сабзавот,0.0,0.0,0.0,0.0,6863.5,0.0,9916.4,60.0,14.2,71.8,Водии,0
2024,Апрел,Хатлон,Сабзавот,0.0,0.0,0.0,0.0,8360.8,0.0,10861.1,60.0,23.7,88.0,Водии,1
2024,Май,Хатлон,Сабзавот,0.0,0.0,0.0,0.0,9413.9,0.0,12603.3,60.0,27.1,83.2,Водии,1
2024,Июн,Хатлон,Сабзавот,7897.0,20.84,164542.4,5921.78,0.0,75016.8,12380.4,60.0,33.6,41.6,Водии,1
2024,Июл,Хатлон,Сабзавот,7897.0,20.84,164542.4,4211.34,0.0,127804.2,12869.3,60.0,32.6,16.6,Водии,1
2024,Август,Хатлон,Сабзавот,7897.0,20.84,164542.4,4115.4,0.0,141270.9,11633.6,60.0,36.7,34.1,Водии,1
2024,Сентябр,Хатлон,Сабзавот,7897.0,20.84,164542.4,4925.78,0.0,55614.4,11961.0,60.0,34.7,54.4,Водии,1
2024,Октябр,Хатлон,Сабзавот,0.0,0.0,0.0,0.0,6747.2,0.0,9396.2,60.0,28.2,47.1,Водии,1
2024,Ноябр,Хатлон,Сабзавот,0.0,0.0,0.0,0.0,5151.7,0.0,8766.8,58.8,17.9,55.6,Водии,0
2024,Декабр,Хатлон,Сабзавот,0.0,0.0,0.0,0.0,5209.6,0.0,9042.1,57.6,18.6,43.4,Водии,1
2024,Январ,Хатлон,Гӯшт,0.0,0.0,9528.6,79048.86,0.0,2089.9,4085.3,60.0,13.4,43.2,Водии,0
2024,Феврал,Хатлон,Гӯшт,0.0,0.0,9528.6,83358.22,0.0,3315.2,4019.5,60.0,15.2,40.5,Водии,0
2024,Март,Хатлон,Гӯшт,0.0,0.0,9528.6,73191.1,0.0,4611.3,4096.8,60.0,16.0,64.4,Водии,0
2024,Апрел,Хатлон,Гӯшт,0.0,0.0,9528.6,74667.54,0.0,2909.4,5204.2,60.0,25.1,103.1,Водии,1
2024,Май,Хатлон,Гӯшт,0.0,0.0,9528.6,72642.05,0.0,2691.4,5441.8,60.0,32.1,93.2,Водии,1
2024,Июн,Хатлон,Гӯшт,0.0,0.0,9528.6,75861.78,0.0,3243.9,6172.5,60.0,38.2,63.0,Водии,1
2024,Июл,Хатлон,Гӯшт,0.0,0.0,9528.6,92746.82,0.0,1969.2,6198.6,60.0,37.9,29.2,Водии,1
2024,Август,Хатлон,Гӯшт,0.0,0.0,9528.6,90642.92,0.0,2054.8,5716.7,60.0,40.4,27.3,Водии,1
2024,Сентябр,Хатлон,Гӯшт,0.0,0.0,9528.6,84322.81,0.0,4500.1,4637.4,60.0,30.0,39.5,Водии,1
2024,Октябр,Хатлон,Гӯшт,0.0,0.0,9528.6,87001.75,0.0,4930.1,4125.1,60.0,24.2,51.5,Водии,1
2024,Ноябр,Хатлон,Гӯшт,0.0,0.0,9528.6,72924.28,0.0,3016.1,4601.5,60.0,15.6,74.7,Водии,0
2024,Декабр,Хатлон,Гӯшт,0.0,0.0,9528.6,70560.58,0.0,4864.0,4227.7,60.0,19.3,43.3,Водии,1
2024,Январ,Хатлон,Шир,0.0,0.0,31254.0,10105.56,0.0,10749.3,11254.1,60.0,13.7,31.1,Водии,0
2024,Феврал,Хатлон,Шир,0.0,0.0,31254.0,9773.68,0.0,17941.8,10787.5,60.0,17.3,40.1,Водии,0
2024,Март,Хатлон,Шир,0.0,0.0,31254.0,10051.72,0.0,11256.2,11140.7,60.0,22.9,84.2,Водии,1
2024,Апрел,Хатлон,Шир,0.0,0.0,31254.0,10188.76,0.0,16329.2,12810.3,60.0,21.4,86.6,Водии,1
2024,Май,Хатлон,Шир,0.0,0.0,31254.0,9620.35,0.0,6134.7,14936.6,60.0,35.3,80.2,Водии,1
2024,Июн,Хатлон,Шир,0.0,0.0,31254.0,10814.07,0.0,12327.3,14911.3,60.0,32.3,52.1,Водии,1
2024,Июл,Хатлон,Шир,0.0,0.0,31254.0,11138.35,0.0,12112.7,16758.2,60.0,39.1,34.1,Водии,1
2024,Август,Хатлон,Шир,0.0,0.0,31254.0,9469.65,0.0,11451.8,14891.7,60.0,35.9,12.6,Водии,1
2024,Сентябр,Хатлон,Шир,0.0,0.0,31254.0,10165.52,0.0,6769.7,14458.8,60.0,26.8,49.5,Водии,1
2024,Октябр,Хатлон,Шир,0.0,0.0,31254.0,9711.86,0.0,17734.6,11472.1,60.0,28.4,52.5,Водии,1
2024,Ноябр,Хатлон,Шир,0.0,0.0,31254.0,11065.49,0.0,9853.4,12151.0,60.0,15.6,68.7,Водии,0
2024,Декабр,Хатлон,Шир,0.0,0.0,31254.0,9003.52,0.0,10442.0,9928.5,60.0,15.6,33.6,Водии,0
2024,Январ,Суғд,Гандум,0.0,0.0,0.0,0.0,5239.5,0.0,8494.0,57.0,11.2,31.6,Нисбатан кӯҳӣ,0
2024,Феврал,Суғд,Гандум,0.0,0.0,0.0,0.0,5808.0,0.0,8735.5,57.0,10.4,28.6,Нисбатан кӯҳӣ,0
2024,Март,Суғд,Гандум,0.0,0.0,0.0,0.0,7319.0,0.0,8214.6,57.0,12.5,55.8,Нисбатан кӯҳӣ,0
2024,Апрел,Суғд,Гандум,0.0,0.0,0.0,0.0,8521.6,0.0,10650.4,57.0,20.9,58.8,Нисбатан кӯҳӣ,1
2024,Май,Суғд,Гандум,0.0,0.0,0.0,0.0,9234.8,0.0,11391.6,57.0,24.2,68.9,Нисбатан кӯҳӣ,1
2024,Июн,Суғд,Гандум,38595.8,3.26,125885.6,4457.56,0.0,82239.3,11914.6,57.0,30.8,25.3,Нисбатан кӯҳӣ,1
2024,Июл,Суғд,Гандум,38595.8,3.26,125885.6,5061.31,0.0,78960.4,11671.1,57.0,33.8,19.0,Нисбатан кӯҳӣ,1
2024,Август,Суғд,Гандум,0.0,0.0,0.0,0.0,7462.3,0.0,10269.5,57.0,26.7,16.6,Нисбатан кӯҳӣ,1
2024,Сентябр,Суғд,Гандум,0.0,0.0,0.0,0.0,7756.6,0.0,10833.6,57.0,23.1,20.0,Нисбатан кӯҳӣ,1
2024,Октябр,Суғд,Гандум,0.0,0.0,0.0,0.0,6615.4,0.0,8472.6,57.0,17.0,37.5,Нисбатан кӯҳӣ,0
2024,Ноябр,Суғд,Гандум,0.0,0.0,0.0,0.0,7255.9,0.0,9067.4,57.0,12.0,34.7,Нисбатан кӯҳӣ,0
2024,Декабр,Суғд,Гандум,0.0,0.0,0.0,0.0,6063.6,0.0,7431.1,57.0,10.3,36.6,Нисбатан кӯҳӣ,0
2024,Январ,Суғд,Картошка,0.0,0.0,0.0,0.0,6842.1,0.0,8089.5,57.0,5.3,18.3,Нисбатан кӯҳӣ,0
2024,Феврал,Суғд,Картошка,0.0,0.0,0.0,0.0,5931.0,0.0,7973.4,57.0,11.3,15.4,Нисбатан кӯҳӣ,0
2024,Март,Суғд,Картошка,0.0,0.0,0.0,0.0,8953.0,0.0,9582.8,57.0,11.1,44.1,Нисбатан кӯҳӣ,0
2024,Апрел,Суғд,Картошка,0.0,0.0,0.0,0.0,5848.3,0.0,9420.1,57.0,23.0,61.9,Нисбатан кӯҳӣ,1
2024,Май,Суғд,Картошка,7664.5,22.89,175469.0,5576.54,0.0,85912.9,10705.5,57.0,26.0,56.6,Нисбатан кӯҳӣ,1
2024,Июн,Суғд,Картошка,7664.5,22.89,175469.0,7043.71,0.0,84494.8,10717.6,57.0,31.0,31.2,Нисбатан кӯҳӣ,1
2024,Июл,Суғд,Картошка,0.0,0.0,0.0,0.0,11052.8,0.0,12018.5,57.0,36.8,19.1,Нисбатан кӯҳӣ,1
2024,Август,Суғд,Картошка,0.0,0.0,0.0,0.0,7273.0,0.0,11669.3,57.0,27.9,19.7,Нисбатан кӯҳӣ,1
2024,Сентябр,Суғд,Картошка,7664.5,22.89,175469.0,6380.98,0.0,98190.7,9494.2,57.0,22.6,23.8,Нисбатан кӯҳӣ,1
2024,Октябр,Суғд,Картошка,0.0,0.0,0.0,0.0,7455.5,0.0,8717.7,57.0,23.7,54.2,Нисбатан кӯҳӣ,1
2024,Ноябр,Суғд,Картошка,0.0,0.0,0.0,0.0,6160.0,0.0,8845.8,57.0,19.6,34.0,Нисбатан кӯҳӣ,1
2024,Декабр,Суғд,Картошка,0.0,0.0,0.0,0.0,7761.4,0.0,8622.3,57.0,11.3,14.0,Нисбатан кӯҳӣ,0
2024,Январ,Суғд,Сабзавот,0.0,0.0,0.0,0.0,7105.5,0.0,8768.1,57.0,9.6,20.7,Нисбатан кӯҳӣ,0
2024,Феврал,Суғд,Сабзавот,0.0,0.0,0.0,0.0,5767.9,0.0,8875.0,57.0,11.0,39.2,Нисбатан кӯҳӣ,0
2024,Март,Суғд,Сабзавот,0.0,0.0,0.0,0.0,6051.7,0.0,9681.2,57.0,14.3,60.9,Нисбатан кӯҳӣ,0
2024,Апрел,Суғд,Сабзавот,0.0,0.0,0.0,0.0,7237.4,0.0,10702.1,57.0,19.6,67.4,Нисбатан кӯҳӣ,1
2024,Май,Суғд,Сабзавот,0.0,0.0,0.0,0.0,7294.6,0.0,11965.4,57.0,31.1,55.1,Нисбатан кӯҳӣ,1
2024,Июн,Суғд,Сабзавот,8269.9,18.23,150773.4,3875.41,0.0,74054.3,11780.5,57.0,34.6,37.6,Нисбатан кӯҳӣ,1
2024,Июл,Суғд,Сабзавот,8269.9,18.23,150773.4,5367.31,0.0,109457.9,13267.7,57.0,30.8,27.6,Нисбатан кӯҳӣ,1
2024,Август,Суғд,Сабзавот,8269.9,18.23,150773.4,4559.89,0.0,70112.6,11725.2,57.0,30.0,25.1,Нисбатан кӯҳӣ,1
2024,Сентябр,Суғд,Сабзавот,8269.9,18.23,150773.4,4048.23,0.0,67350.0,10869.0,57.0,23.7,28.2,Нисбатан кӯҳӣ,1
2024,Октябр,Суғд,Сабзавот,0.0,0.0,0.0,0.0,8951.3,0.0,9540.5,57.0,18.2,41.9,Нисбатан кӯҳӣ,0
2024,Ноябр,Суғд,Сабзавот,0.0,0.0,0.0,0.0,7695.1,0.0,9393.7,57.0,15.3,51.7,Нисбатан кӯҳӣ,0
2024,Декабр,Суғд,Сабзавот,0.0,0.0,0.0,0.0,6179.7,0.0,9217.2,57.0,9.6,16.0,Нисбатан кӯҳӣ,0
2024,Январ,Суғд,Гӯшт,0.0,0.0,7439.8,78640.76,0.0,3732.0,3191.2,57.0,14.8,26.5,Нисбатан кӯҳӣ,0
2024,Феврал,Суғд,Гӯшт,0.0,0.0,7439.8,65792.62,0.0,3353.1,3121.8,57.0,15.2,27.8,Нисбатан кӯҳӣ,0
2024,Март,Суғд,Гӯшт,0.0,0.0,7439.8,73058.25,0.0,3028.9,3737.6,57.0,11.0,43.2,Нисбатан кӯҳӣ,0
2024,Апрел,Суғд,Гӯшт,0.0,0.0,7439.8,73455.72,0.0,1968.1,4134.3,57.0,24.6,66.3,Нисбатан кӯҳӣ,1
2024,Май,Суғд,Гӯшт,0.0,0.0,7439.8,74425.53,0.0,2006.8,4794.8,57.0,30.7,60.7,Нисбатан кӯҳӣ,1
2024,Июн,Суғд,Гӯшт,0.0,0.0,7439.8,63150.05,0.0,2089.4,4998.4,57.0,32.1,39.6,Нисбатан кӯҳӣ,1
2024,Июл,Суғд,Гӯшт,0.0,0.0,7439.8,69108.35,0.0,904.9,5062.7,57.0,30.1,31.6,Нисбатан кӯҳӣ,1
2024,Август,Суғд,Гӯшт,0.0,0.0,7439.8,77052.78,0.0,964.2,4315.2,57.0,33.6,23.5,Нисбатан кӯҳӣ,1
2024,Сентябр,Суғд,Гӯшт,0.0,0.0,7439.8,75448.22,0.0,2364.5,4334.1,57.0,28.7,31.8,Нисбатан кӯҳӣ,1
2024,Октябр,Суғд,Гӯшт,0.0,0.0,7439.8,68901.07,0.0,2181.7,3433.2,57.0,15.7,37.5,Нисбатан кӯҳӣ,0
2024,Ноябр,Суғд,Гӯшт,0.0,0.0,7439.8,62606.45,0.0,3177.1,3782.1,57.0,13.7,36.0,Нисбатан кӯҳӣ,0
2024,Декабр,Суғд,Гӯшт,0.0,0.0,7439.8,61874.13,0.0,2799.9,3573.8,57.0,4.8,21.9,Нисбатан кӯҳӣ,0
2024,Январ,Суғд,Шир,0.0,0.0,20399.6,9511.98,0.0,6366.0,6814.6,57.0,13.9,21.9,Нисбатан кӯҳӣ,0
2024,Феврал,Суғд,Шир,0.0,0.0,20399.6,9858.06,0.0,9302.3,6805.5,57.0,13.7,17.5,Нисбатан кӯҳӣ,0
2024,Март,Суғд,Шир,0.0,0.0,20399.6,8960.42,0.0,10834.0,7396.7,57.0,14.7,49.7,Нисбатан кӯҳӣ,0
2024,Апрел,Суғд,Шир,0.0,0.0,20399.6,9669.03,0.0,8779.6,8345.8,57.0,25.3,86.1,Нисбатан кӯҳӣ,1
2024,Май,Суғд,Шир,0.0,0.0,20399.6,8602.79,0.0,8788.6,8914.3,57.0,23.3,51.8,Нисбатан кӯҳӣ,1
2024,Июн,Суғд,Шир,0.0,0.0,20399.6,8186.75,0.0,4651.6,10917.2,57.0,30.7,33.2,Нисбатан кӯҳӣ,1
2024,Июл,Суғд,Шир,0.0,0.0,20399.6,8704.2,0.0,2809.4,11105.8,57.0,30.4,13.2,Нисбатан кӯҳӣ,1
2024,Август,Суғд,Шир,0.0,0.0,20399.6,9749.67,0.0,4949.2,10258.0,57.0,35.9,18.9,Нисбатан кӯҳӣ,1
2024,Сентябр,Суғд,Шир,0.0,0.0,20399.6,8214.8,0.0,10379.3,8584.1,57.0,28.3,43.4,Нисбатан кӯҳӣ,1
2024,Октябр,Суғд,Шир,0.0,0.0,20399.6,9363.23,0.0,5279.3,7207.0,57.0,22.8,41.6,Нисбатан кӯҳӣ,1
2024,Ноябр,Суғд,Шир,0.0,0.0,20399.6,9505.99,0.0,4760.6,7293.0,57.0,13.8,36.0,Нисбатан кӯҳӣ,0
2024,Декабр,Суғд,Шир,0.0,0.0,20399.6,8354.47,0.0,7640.4,7103.1,57.0,9.1,26.8,Нисбатан кӯҳӣ,0
2024,Январ,ВМКБ,Гандум,0.0,0.0,0.0,0.0,1378.9,0.0,1422.2,5.0,-1.6,20.9,Кӯҳӣ,0
2024,Феврал,ВМКБ,Гандум,0.0,0.0,0.0,0.0,1584.8,0.0,1342.5,5.0,-3.8,41.5,Кӯҳӣ,0
2024,Март,ВМКБ,Гандум,0.0,0.0,0.0,0.0,1497.4,0.0,1391.0,5.0,-2.6,73.1,Кӯҳӣ,0
2024,Апрел,ВМКБ,Гандум,0.0,0.0,0.0,0.0,1497.8,0.0,1720.4,5.0,3.9,78.7,Кӯҳӣ,0
2024,Май,ВМКБ,Гандум,0.0,0.0,0.0,0.0,1684.6,0.0,1660.1,5.0,15.2,62.0,Кӯҳӣ,0
2024,Июн,ВМКБ,Гандум,6272.7,0.62,3897.0,1016.21,0.0,105.8,1947.2,5.0,16.2,40.2,Кӯҳӣ,0
2024,Июл,ВМКБ,Гандум,6272.7,0.62,3897.0,1066.5,0.0,91.5,2019.2,5.0,21.5,30.2,Кӯҳӣ,1
2024,Август,ВМКБ,Гандум,0.0,0.0,0.0,0.0,1311.7,0.0,1665.2,5.0,18.8,20.4,Кӯҳӣ,1
2024,Сентябр,ВМКБ,Гандум,0.0,0.0,0.0,0.0,1361.8,0.0,1490.8,5.0,11.2,28.3,Кӯҳӣ,0
2024,Октябр,ВМКБ,Гандум,0.0,0.0,0.0,0.0,1237.5,0.0,1350.4,5.0,11.0,52.0,Кӯҳӣ,0
2024,Ноябр,ВМКБ,Гандум,0.0,0.0,0.0,0.0,1487.4,0.0,1504.9,5.0,-1.4,31.9,Кӯҳӣ,0
2024,Декабр,ВМКБ,Гандум,0.0,0.0,0.0,0.0,1410.6,0.0,1416.8,5.0,0.6,36.8,Кӯҳӣ,0
2024,Январ,ВМКБ,Картошка,0.0,0.0,0.0,0.0,1601.6,0.0,1966.6,5.0,-8.4,27.5,Кӯҳӣ,0
2024,Феврал,ВМКБ,Картошка,0.0,0.0,0.0,0.0,2093.9,0.0,1844.1,5.0,-6.1,44.1,Кӯҳӣ,0
2024,Март,ВМКБ,Картошка,0.0,0.0,0.0,0.0,2124.8,0.0,1955.3,5.0,-1.2,63.7,Кӯҳӣ,0
2024,Апрел,ВМКБ,Картошка,0.0,0.0,0.0,0.0,2591.4,0.0,2186.8,5.0,1.6,96.7,Кӯҳӣ,0
2024,Май,ВМКБ,Картошка,1596.4,4.36,6961.4,1280.71,0.0,414.4,2224.5,5.0,12.2,68.5,Кӯҳӣ,0
2024,Июн,ВМКБ,Картошка,1596.4,4.36,6961.4,1309.73,0.0,241.9,2759.6,5.0,14.2,37.9,Кӯҳӣ,0
2024,Июл,ВМКБ,Картошка,0.0,0.0,0.0,0.0,2753.7,0.0,2366.0,5.0,20.6,34.7,Кӯҳӣ,1
2024,Август,ВМКБ,Картошка,0.0,0.0,0.0,0.0,2279.3,0.0,2621.1,5.0,19.0,28.7,Кӯҳӣ,1
2024,Сентябр,ВМКБ,Картошка,1596.4,4.36,6961.4,1113.12,0.0,314.2,2172.3,5.0,9.8,43.4,Кӯҳӣ,0
2024,Октябр,ВМКБ,Картошка,0.0,0.0,0.0,0.0,1795.0,0.0,2102.9,5.0,8.5,55.8,Кӯҳӣ,0
2024,Ноябр,ВМКБ,Картошка,0.0,0.0,0.0,0.0,1676.7,0.0,1963.3,5.0,1.4,42.5,Кӯҳӣ,0
2024,Декабр,ВМКБ,Картошка,0.0,0.0,0.0,0.0,1529.8,0.0,1623.3,5.0,-5.9,25.0,Кӯҳӣ,0
2024,Январ,ВМКБ,Сабзавот,0.0,0.0,0.0,0.0,1264.8,0.0,1084.9,5.0,-8.4,26.5,Кӯҳӣ,0
2024,Феврал,ВМКБ,Сабзавот,0.0,0.0,0.0,0.0,1211.9,0.0,1120.7,5.0,-5.5,41.0,Кӯҳӣ,0
2024,Март,ВМКБ,Сабзавот,0.0,0.0,0.0,0.0,1099.2,0.0,1373.3,5.0,-0.9,71.4,Кӯҳӣ,0
2024,Апрел,ВМКБ,Сабзавот,0.0,0.0,0.0,0.0,1807.0,0.0,1490.1,5.0,4.5,74.5,Кӯҳӣ,0
2024,Май,ВМКБ,Сабзавот,0.0,0.0,0.0,0.0,1432.9,0.0,1519.2,5.0,11.1,70.1,Кӯҳӣ,0
2024,Июн,ВМКБ,Сабзавот,995.7,3.47,3457.9,759.94,0.0,62.2,1534.3,5.0,13.1,45.5,Кӯҳӣ,0
2024,Июл,ВМКБ,Сабзавот,995.7,3.47,3457.9,923.58,0.0,109.4,1771.4,5.0,24.0,22.8,Кӯҳӣ,1
2024,Август,ВМКБ,Сабзавот,995.7,3.47,3457.9,1085.54,0.0,159.7,1618.2,5.0,15.6,37.1,Кӯҳӣ,0
2024,Сентябр,ВМКБ,Сабзавот,995.7,3.47,3457.9,957.1,0.0,88.1,1374.3,5.0,14.5,19.2,Кӯҳӣ,0
2024,Октябр,ВМКБ,Сабзавот,0.0,0.0,0.0,0.0,1540.6,0.0,1327.7,5.0,8.5,55.4,Кӯҳӣ,0
2024,Ноябр,ВМКБ,Сабзавот,0.0,0.0,0.0,0.0,1302.0,0.0,1104.8,5.0,-0.0,41.0,Кӯҳӣ,0
2024,Декабр,ВМКБ,Сабзавот,0.0,0.0,0.0,0.0,1174.9,0.0,1041.3,5.0,-4.3,29.6,Кӯҳӣ,0
2024,Январ,ВМКБ,Гӯшт,0.0,0.0,7439.1,12829.75,0.0,163.2,3694.3,5.0,-6.4,20.8,Кӯҳӣ,0
2024,Феврал,ВМКБ,Гӯшт,0.0,0.0,7439.1,13244.29,0.0,315.6,3538.3,5.0,-3.0,31.3,Кӯҳӣ,0
2024,Март,ВМКБ,Гӯшт,0.0,0.0,7439.1,14767.64,0.0,318.5,3653.2,5.0,4.1,71.4,Кӯҳӣ,0
2024,Апрел,ВМКБ,Гӯшт,0.0,0.0,7439.1,12085.13,0.0,225.7,4199.8,5.0,4.0,83.3,Кӯҳӣ,0
2024,Май,ВМКБ,Гӯшт,0.0,0.0,7439.1,13014.26,0.0,82.4,4907.0,5.0,14.7,62.0,Кӯҳӣ,0
2024,Июн,ВМКБ,Гӯшт,0.0,0.0,7439.1,14070.13,0.0,83.6,5127.5,5.0,20.6,44.3,Кӯҳӣ,1
2024,Июл,ВМКБ,Гӯшт,0.0,0.0,7439.1,15686.19,0.0,135.9,5084.0,5.0,21.1,33.4,Кӯҳӣ,1
2024,Август,ВМКБ,Гӯшт,0.0,0.0,7439.1,12569.57,0.0,246.4,4296.7,5.0,19.3,28.5,Кӯҳӣ,1
2024,Сентябр,ВМКБ,Гӯшт,0.0,0.0,7439.1,15532.64,0.0,199.3,4312.3,5.0,11.2,36.9,Кӯҳӣ,0
2024,Октябр,ВМКБ,Гӯшт,0.0,0.0,7439.1,13218.46,0.0,257.3,3964.7,5.0,4.7,57.1,Кӯҳӣ,0
2024,Ноябр,ВМКБ,Гӯшт,0.0,0.0,7439.1,11823.73,0.0,338.3,3595.6,5.0,1.4,48.4,Кӯҳӣ,0
2024,Декабр,ВМКБ,Гӯшт,0.0,0.0,7439.1,13633.38,0.0,333.9,3158.5,5.0,-0.5,31.2,Кӯҳӣ,0
2024,Январ,ВМКБ,Шир,0.0,0.0,29450.9,1771.51,0.0,1572.0,10346.5,5.0,-2.0,19.1,Кӯҳӣ,0
2024,Феврал,ВМКБ,Шир,0.0,0.0,29450.9,1866.45,0.0,1479.1,10955.0,5.0,-6.2,26.8,Кӯҳӣ,0
2024,Март,ВМКБ,Шир,0.0,0.0,29450.9,1813.91,0.0,858.7,12291.1,5.0,-1.0,46.3,Кӯҳӣ,0
2024,Апрел,ВМКБ,Шир,0.0,0.0,29450.9,1567.03,0.0,787.2,13689.6,5.0,7.6,88.9,Кӯҳӣ,0
2024,Май,ВМКБ,Шир,0.0,0.0,29450.9,1833.73,0.0,877.1,13533.1,5.0,7.8,62.3,Кӯҳӣ,0
2024,Июн,ВМКБ,Шир,0.0,0.0,29450.9,1585.89,0.0,1249.1,15387.9,5.0,20.8,38.2,Кӯҳӣ,1
2024,Июл,ВМКБ,Шир,0.0,0.0,29450.9,1733.46,0.0,947.4,16342.2,5.0,15.3,24.8,Кӯҳӣ,0
2024,Август,ВМКБ,Шир,0.0,0.0,29450.9,1647.67,0.0,937.8,13551.4,5.0,19.2,19.2,Кӯҳӣ,1
2024,Сентябр,ВМКБ,Шир,0.0,0.0,29450.9,1645.19,0.0,1512.8,12079.5,5.0,10.8,50.7,Кӯҳӣ,0
2024,Октябр,ВМКБ,Шир,0.0,0.0,29450.9,1539.61,0.0,787.1,12356.4,5.0,8.7,41.0,Кӯҳӣ,0
2024,Ноябр,ВМКБ,Шир,0.0,0.0,29450.9,1888.91,0.0,1461.3,11622.7,5.0,-2.4,47.7,Кӯҳӣ,0
2024,Декабр,ВМКБ,Шир,0.0,0.0,29450.9,1780.39,0.0,1259.0,10157.7,5.0,-5.8,22.8,Кӯҳӣ,0
2024,Январ,НТҶ,Гандум,0.0,0.0,0.0,0.0,7499.4,0.0,5346.3,25.0,15.0,25.5,Мухталиф,0
2024,Феврал,НТҶ,Гандум,0.0,0.0,0.0,0.0,5640.1,0.0,5915.2,25.0,11.1,26.3,Мухталиф,0
2024,Март,НТҶ,Гандум,0.0,0.0,0.0,0.0,7328.2,0.0,6497.5,25.0,15.9,56.0,Мухталиф,0
2024,Апрел,НТҶ,Гандум,0.0,0.0,0.0,0.0,6965.3,0.0,6781.7,25.0,20.6,58.4,Мухталиф,1
2024,Май,НТҶ,Гандум,0.0,0.0,0.0,0.0,6843.8,0.0,7543.8,25.0,25.9,41.7,Мухталиф,1
2024,Июн,НТҶ,Гандум,25034.6,2.33,58324.0,2192.38,0.0,14731.2,7117.5,25.0,33.4,29.9,Мухталиф,1
2024,Июл,НТҶ,Гандум,25034.6,2.33,58324.0,2236.89,0.0,20005.0,8504.3,25.0,36.4,28.0,Мухталиф,1
2024,Август,НТҶ,Гандум,0.0,0.0,0.0,0.0,6767.7,0.0,7230.9,25.0,38.3,26.1,Мухталиф,1
2024,Сентябр,НТҶ,Гандум,0.0,0.0,0.0,0.0,6883.1,0.0,6294.9,25.0,33.5,26.2,Мухталиф,1
2024,Октябр,НТҶ,Гандум,0.0,0.0,0.0,0.0,6343.5,0.0,6156.3,25.0,24.0,50.9,Мухталиф,1
2024,Ноябр,НТҶ,Гандум,0.0,0.0,0.0,0.0,5785.9,0.0,6197.4,25.0,14.0,28.4,Мухталиф,0
2024,Декабр,НТҶ,Гандум,0.0,0.0,0.0,0.0,6034.9,0.0,5185.1,25.0,12.9,20.6,Мухталиф,0
2024,Январ,НТҶ,Картошка,0.0,0.0,0.0,0.0,5771.5,0.0,5567.6,25.0,9.3,27.3,Мухталиф,0
2024,Феврал,НТҶ,Картошка,0.0,0.0,0.0,0.0,7229.7,0.0,5739.3,25.0,11.3,15.8,Мухталиф,0
2024,Март,НТҶ,Картошка,0.0,0.0,0.0,0.0,7108.3,0.0,6018.0,25.0,14.5,45.9,Мухталиф,0
2024,Апрел,НТҶ,Картошка,0.0,0.0,0.0,0.0,8756.2,0.0,6346.3,25.0,21.9,56.7,Мухталиф,1
2024,Май,НТҶ,Картошка,4810.8,16.35,78669.5,2492.71,0.0,29247.2,7835.2,25.0,28.1,72.9,Мухталиф,1
2024,Июн,НТҶ,Картошка,4810.8,16.35,78669.5,2949.82,0.0,29084.3,7322.4,25.0,35.7,44.5,Мухталиф,1
2024,Июл,НТҶ,Картошка,0.0,0.0,0.0,0.0,9114.3,0.0,7270.2,25.0,35.6,17.7,Мухталиф,1
2024,Август,НТҶ,Картошка,0.0,0.0,0.0,0.0,6053.2,0.0,6718.0,25.0,35.0,7.5,Мухталиф,1
2024,Сентябр,НТҶ,Картошка,4810.8,16.35,78669.5,2529.67,0.0,11309.6,6050.3,25.0,32.1,17.9,Мухталиф,1
2024,Октябр,НТҶ,Картошка,0.0,0.0,0.0,0.0,5618.9,0.0,5526.4,25.0,22.4,30.5,Мухталиф,1
2024,Ноябр,НТҶ,Картошка,0.0,0.0,0.0,0.0,7553.5,0.0,5380.3,25.0,15.7,16.5,Мухталиф,0
2024,Декабр,НТҶ,Картошка,0.0,0.0,0.0,0.0,6890.3,0.0,5444.2,25.0,6.6,24.5,Мухталиф,0
2024,Январ,НТҶ,Сабзавот,0.0,0.0,0.0,0.0,4464.3,0.0,3625.1,25.0,6.0,23.0,Мухталиф,0
2024,Феврал,НТҶ,Сабзавот,0.0,0.0,0.0,0.0,3183.5,0.0,3265.1,25.0,11.1,22.6,Мухталиф,0
2024,Март,НТҶ,Сабзавот,0.0,0.0,0.0,0.0,4116.0,0.0,3528.2,25.0,15.3,33.1,Мухталиф,0
2024,Апрел,НТҶ,Сабзавот,0.0,0.0,0.0,0.0,5337.5,0.0,4231.0,25.0,18.4,70.1,Мухталиф,1
2024,Май,НТҶ,Сабзавот,0.0,0.0,0.0,0.0,6393.2,0.0,4802.5,25.0,30.2,44.0,Мухталиф,1
2024,Июн,НТҶ,Сабзавот,3169.0,13.02,41268.7,2303.75,0.0,7471.6,4827.5,25.0,30.0,37.9,Мухталиф,1
2024,Июл,НТҶ,Сабзавот,3169.0,13.02,41268.7,1672.15,0.0,7597.9,5266.7,25.0,39.8,3.0,Мухталиф,1
2024,Август,НТҶ,Сабзавот,3169.0,13.02,41268.7,2138.16,0.0,6177.9,4921.3,25.0,35.2,2.5,Мухталиф,1
2024,Сентябр,НТҶ,Сабзавот,3169.0,13.02,41268.7,1904.02,0.0,9536.4,3894.1,25.0,24.0,10.4,Мухталиф,1
2024,Октябр,НТҶ,Сабзавот,0.0,0.0,0.0,0.0,4875.9,0.0,3917.1,25.0,18.9,25.9,Мухталиф,1
2024,Ноябр,НТҶ,Сабзавот,0.0,0.0,0.0,0.0,3205.9,0.0,3551.1,25.0,18.8,32.2,Мухталиф,1
2024,Декабр,НТҶ,Сабзавот,0.0,0.0,0.0,0.0,4288.8,0.0,3554.9,25.0,15.6,35.8,Мухталиф,0
2024,Январ,НТҶ,Гӯшт,0.0,0.0,5914.5,32413.2,0.0,1197.7,2505.8,25.0,8.6,23.4,Мухталиф,0
2024,Феврал,НТҶ,Гӯшт,0.0,0.0,5914.5,32575.37,0.0,1130.6,2920.4,25.0,14.8,32.0,Мухталиф,0
2024,Март,НТҶ,Гӯшт,0.0,0.0,5914.5,31596.41,0.0,558.4,3079.4,25.0,15.1,33.3,Мухталиф,0
2024,Апрел,НТҶ,Гӯшт,0.0,0.0,5914.5,35574.55,0.0,777.6,3111.8,25.0,22.0,68.2,Мухталиф,1
2024,Май,НТҶ,Гӯшт,0.0,0.0,5914.5,35238.15,0.0,724.5,3831.7,25.0,25.3,50.4,Мухталиф,1
2024,Июн,НТҶ,Гӯшт,0.0,0.0,5914.5,29564.95,0.0,496.7,3763.1,25.0,35.5,17.1,Мухталиф,1
2024,Июл,НТҶ,Гӯшт,0.0,0.0,5914.5,35302.35,0.0,766.2,3716.4,25.0,32.8,23.1,Мухталиф,1
2024,Август,НТҶ,Гӯшт,0.0,0.0,5914.5,27890.07,0.0,673.9,3505.2,25.0,31.0,5.0,Мухталиф,1
2024,Сентябр,НТҶ,Гӯшт,0.0,0.0,5914.5,30155.12,0.0,1021.7,2995.7,25.0,33.6,30.7,Мухталиф,1
2024,Октябр,НТҶ,Гӯшт,0.0,0.0,5914.5,27722.5,0.0,990.1,2849.4,25.0,19.9,39.9,Мухталиф,1
2024,Ноябр,НТҶ,Гӯшт,0.0,0.0,5914.5,29462.14,0.0,1285.2,3054.1,25.0,12.7,31.2,Мухталиф,0
2024,Декабр,НТҶ,Гӯшт,0.0,0.0,5914.5,29944.64,0.0,979.2,2853.2,25.0,15.3,35.1,Мухталиф,0
2024,Январ,НТҶ,Шир,0.0,0.0,19520.9,4305.53,0.0,1931.0,7577.7,25.0,14.7,23.0,Мухталиф,0
2024,Феврал,НТҶ,Шир,0.0,0.0,19520.9,4224.62,0.0,5457.8,7316.6,25.0,11.4,36.8,Мухталиф,0
2024,Март,НТҶ,Шир,0.0,0.0,19520.9,4385.93,0.0,3933.8,7566.2,25.0,17.9,47.0,Мухталиф,0
2024,Апрел,НТҶ,Шир,0.0,0.0,19520.9,4011.68,0.0,1752.5,8964.0,25.0,23.5,67.9,Мухталиф,1
2024,Май,НТҶ,Шир,0.0,0.0,19520.9,4103.07,0.0,1816.5,10448.0,25.0,31.8,43.1,Мухталиф,1
2024,Июн,НТҶ,Шир,0.0,0.0,19520.9,3817.53,0.0,2914.7,10682.8,25.0,37.4,23.8,Мухталиф,1
2024,Июл,НТҶ,Шир,0.0,0.0,19520.9,3684.04,0.0,1691.6,11101.7,25.0,38.6,24.3,Мухталиф,1
2024,Август,НТҶ,Шир,0.0,0.0,19520.9,4093.39,0.0,2808.2,10485.0,25.0,32.3,8.3,Мухталиф,1
2024,Сентябр,НТҶ,Шир,0.0,0.0,19520.9,4107.67,0.0,4738.7,8407.5,25.0,25.9,27.4,Мухталиф,1
2024,Октябр,НТҶ,Шир,0.0,0.0,19520.9,4335.39,0.0,4046.3,7335.3,25.0,25.5,40.0,Мухталиф,1
2024,Ноябр,НТҶ,Шир,0.0,0.0,19520.9,3753.27,0.0,4727.6,8151.8,25.0,21.2,33.5,Мухталиф,1
2024,Декабр,НТҶ,Шир,0.0,0.0,19520.9,4325.72,0.0,3369.6,7881.7,25.0,8.0,22.9,Мухталиф,0
