Год,Месяц,Регион,Продукт,Площадь (га),Урожайность (т/га),Производство (т),Цена (сом/т),Импорт (т),Экспорт (т),Потребление (т),Самодостаточность (%),Температура (°C),Осадки (мм),Зона,Высокая урожайность
2023,Январь,Хатлонская,Пшеница,0.0,0.0,0.0,0.0,6100.7,0.0,10999.6,55.5,9.0,27.7,Равнинная,0
2023,Февраль,Хатлонская,Пшеница,0.0,0.0,0.0,0.0,7599.5,0.0,11197.9,60.0,15.9,25.2,Равнинная,0
2023,Март,Хатлонская,Пшеница,0.0,0.0,0.0,0.0,8127.8,0.0,11548.1,60.0,16.7,61.4,Равнинная,0
2023,Апрель,Хатлонская,Пшеница,0.0,0.0,0.0,0.0,7289.2,0.0,12113.6,60.0,21.5,74.2,Равнинная,1
2023,Май,Хатлонская,Пшеница,0.0,0.0,0.0,0.0,10011.9,0.0,15346.8,60.0,31.8,66.9,Равнинная,1
2023,Июнь,Хатлонская,Пшеница,47471.5,4.16,197415.1,5542.07,0.0,179726.0,14272.6,60.0,38.4,33.3,Равнинная,1
2023,Июль,Хатлонская,Пшеница,47471.5,4.16,197415.1,5138.82,0.0,133953.6,16732.9,60.0,31.3,20.4,Равнинная,1
2023,Август,Хатлонская,Пшеница,0.0,0.0,0.0,0.0,11157.8,0.0,15061.3,60.0,35.2,19.8,Равнинная,1
2023,Сентябрь,Хатлонская,Пшеница,0.0,0.0,0.0,0.0,9955.3,0.0,13888.5,60.0,27.8,46.6,Равнинная,1
2023,Октябрь,Хатлонская,Пшеница,0.0,0.0,0.0,0.0,6234.1,0.0,10861.0,57.4,26.5,34.1,Равнинная,1
2023,Ноябрь,Хатлонская,Пшеница,0.0,0.0,0.0,0.0,7626.0,0.0,12329.3,60.0,20.6,41.0,Равнинная,1
2023,Декабрь,Хатлонская,Пшеница,0.0,0.0,0.0,0.0,9318.7,0.0,11728.1,60.0,18.1,39.1,Равнинная,0
2023,Январь,Хатлонская,Картофель,0.0,0.0,0.0,0.0,3445.3,0.0,4853.3,60.0,16.1,27.4,Равнинная,0
2023,Февраль,Хатлонская,Картофель,0.0,0.0,0.0,0.0,2870.3,0.0,4255.1,60.0,18.6,33.1,Равнинная,1
2023,Март,Хатлонская,Картофель,0.0,0.0,0.0,0.0,2999.4,0.0,4917.4,60.0,17.2,63.2,Равнинная,0
2023,Апрель,Хатлонская,Картофель,0.0,0.0,0.0,0.0,4203.7,0.0,5520.7,60.0,27.4,79.8,Равнинная,1
2023,Май,Хатлонская,Картофель,4148.8,24.37,101125.3,7321.4,0.0,33798.7,5741.8,60.0,28.8,68.5,Равнинная,1
2023,Июнь,Хатлонская,Картофель,4148.8,24.37,101125.3,8090.39,0.0,62095.5,6038.4,60.0,33.8,46.0,Равнинная,1
2023,Июль,Хатлонская,Картофель,0.0,0.0,0.0,0.0,4738.6,0.0,6158.9,60.0,39.0,47.5,Равнинная,1
2023,Август,Хатлонская,Картофель,0.0,0.0,0.0,0.0,4423.9,0.0,5508.3,60.0,32.0,21.0,Равнинная,1
2023,Сентябрь,Хатлонская,Картофель,4148.8,24.37,101125.3,7123.29,0.0,32536.7,5695.3,60.0,26.3,32.6,Равнинная,1
2023,Октябрь,Хатлонская,Картофель,0.0,0.0,0.0,0.0,3171.3,0.0,5436.7,58.3,23.0,56.5,Равнинная,1
2023,Ноябрь,Хатлонская,Картофель,0.0,0.0,0.0,0.0,3611.2,0.0,5051.4,60.0,14.9,47.1,Равнинная,0
2023,Декабрь,Хатлонская,Картофель,0.0,0.0,0.0,0.0,2830.8,0.0,4355.1,60.0,19.9,37.0,Равнинная,1
2023,Январь,Хатлонская,Овощи,0.0,0.0,0.0,0.0,5898.8,0.0,10412.6,56.7,17.4,32.3,Равнинная,0
2023,Февраль,Хатлонская,Овощи,0.0,0.0,0.0,0.0,5388.4,0.0,9122.7,59.1,16.1,25.5,Равнинная,0
2023,Март,Хатлонская,Овощи,0.0,0.0,0.0,0.0,7209.2,0.0,11727.4,60.0,22.3,67.7,Равнинная,1
2023,Апрель,Хатлонская,Овощи,0.0,0.0,0.0,0.0,9178.3,0.0,12765.1,60.0,24.2,72.9,Равнинная,1
2023,Май,Хатлонская,Овощи,0.0,0.0,0.0,0.0,9809.4,0.0,14777.1,60.0,31.3,70.1,Равнинная,1
2023,Июнь,Хатлонская,Овощи,10150.1,19.67,199688.0,4472.57,0.0,121080.3,14849.9,60.0,35.9,43.9,Равнинная,1
2023,Июль,Хатлонская,Овощи,10150.1,19.67,199688.0,5945.83,0.0,176348.8,15913.3,60.0,42.6,23.2,Равнинная,1
2023,Август,Хатлонская,Овощи,10150.1,19.67,199688.0,4417.0,0.0,99875.5,14448.1,60.0,35.8,28.1,Равнинная,1
2023,Сентябрь,Хатлонская,Овощи,10150.1,19.67,199688.0,5312.51,0.0,73758.5,12548.4,60.0,33.5,48.7,Равнинная,1
2023,Октябрь,Хатлонская,Овощи,0.0,0.0,0.0,0.0,6915.5,0.0,10933.9,60.0,29.4,54.1,Равнинная,1
2023,Ноябрь,Хатлонская,Овощи,0.0,0.0,0.0,0.0,8434.2,0.0,11325.1,60.0,26.6,42.5,Равнинная,1
2023,Декабрь,Хатлонская,Овощи,0.0,0.0,0.0,0.0,5623.7,0.0,9873.1,57.0,11.3,53.5,Равнинная,0
2023,Январь,Хатлонская,Мясо,0.0,0.0,11300.3,69336.15,0.0,4600.0,4911.0,60.0,7.8,38.7,Равнинная,0
2023,Февраль,Хатлонская,Мясо,0.0,0.0,11300.3,86051.89,0.0,4421.1,4747.4,60.0,9.3,35.4,Равнинная,0
2023,Март,Хатлонская,Мясо,0.0,0.0,11300.3,86284.5,0.0,4169.4,5746.3,60.0,21.3,61.5,Равнинная,1
2023,Апрель,Хатлонская,Мясо,0.0,0.0,11300.3,80655.7,0.0,2370.8,6640.2,60.0,23.7,76.2,Равнинная,1
2023,Май,Хатлонская,Мясо,0.0,0.0,11300.3,86168.81,0.0,3521.5,6907.3,60.0,31.3,78.3,Равнинная,1
2023,Июнь,Хатлонская,Мясо,0.0,0.0,11300.3,79433.97,0.0,1978.7,7290.8,60.0,33.2,14.1,Равнинная,1
2023,Июль,Хатлонская,Мясо,0.0,0.0,11300.3,80028.51,0.0,2696.3,6925.7,60.0,37.6,31.0,Равнинная,1
2023,Август,Хатлонская,Мясо,0.0,0.0,11300.3,82194.02,0.0,3441.8,6668.5,60.0,32.7,26.6,Равнинная,1
2023,Сентябрь,Хатлонская,Мясо,0.0,0.0,11300.3,91151.68,0.0,4030.3,5676.2,60.0,33.7,30.1,Равнинная,1
2023,Октябрь,Хатлонская,Мясо,0.0,0.0,11300.3,91149.52,0.0,3897.6,5652.4,60.0,28.9,52.2,Равнинная,1
2023,Ноябрь,Хатлонская,Мясо,0.0,0.0,11300.3,88019.9,0.0,3432.2,4950.6,60.0,13.5,51.8,Равнинная,0
2023,Декабрь,Хатлонская,Мясо,0.0,0.0,11300.3,82821.28,0.0,5183.0,4738.2,60.0,18.7,28.4,Равнинная,1
2023,Январь,Хатлонская,Молоко,0.0,0.0,40817.4,11297.9,0.0,22162.8,15121.8,60.0,13.7,25.3,Равнинная,0
2023,Февраль,Хатлонская,Молоко,0.0,0.0,40817.4,10947.09,0.0,25378.9,13941.5,60.0,17.0,45.4,Равнинная,0
2023,Март,Хатлонская,Молоко,0.0,0.0,40817.4,9949.04,0.0,23388.4,15424.2,60.0,14.5,59.0,Равнинная,0
2023,Апрель,Хатлонская,Молоко,0.0,0.0,40817.4,10658.31,0.0,15325.1,19186.1,60.0,22.8,89.3,Равнинная,1
2023,Май,Хатлонская,Молоко,0.0,0.0,40817.4,9457.91,0.0,17446.6,20319.7,60.0,31.0,64.6,Равнинная,1
2023,Июнь,Хатлонская,Молоко,0.0,0.0,40817.4,10067.68,0.0,18556.4,20556.8,60.0,32.6,42.0,Равнинная,1
2023,Июль,Хатлонская,Молоко,0.0,0.0,40817.4,10823.04,0.0,19014.3,19022.7,60.0,31.1,18.7,Равнинная,1
2023,Август,Хатлонская,Молоко,0.0,0.0,40817.4,11529.49,0.0,19501.3,20401.2,60.0,32.5,27.5,Равнинная,1
2023,Сентябрь,Хатлонская,Молоко,0.0,0.0,40817.4,9391.63,0.0,21797.9,17333.3,60.0,30.9,37.7,Равнинная,1
2023,Октябрь,Хатлонская,Молоко,0.0,0.0,40817.4,9301.85,0.0,10715.8,14580.2,60.0,26.8,49.1,Равнинная,1
2023,Ноябрь,Хатлонская,Молоко,0.0,0.0,40817.4,9539.85,0.0,23728.0,14548.6,60.0,23.9,45.1,Равнинная,1
2023,Декабрь,Хатлонская,Молоко,0.0,0.0,40817.4,11162.15,0.0,19228.2,13172.5,60.0,17.4,52.2,Равнинная,0
2023,Январь,Согдийская,Пшеница,0.0,0.0,0.0,0.0,8796.5,0.0,9609.4,57.0,5.9,47.5,Полугорная,0
2023,Февраль,Согдийская,Пшеница,0.0,0.0,0.0,0.0,6012.1,0.0,9029.3,57.0,8.6,28.9,Полугорная,0
2023,Март,Согдийская,Пшеница,0.0,0.0,0.0,0.0,10865.9,0.0,11496.2,57.0,15.5,67.6,Полугорная,0
2023,Апрель,Согдийская,Пшеница,0.0,0.0,0.0,0.0,7867.7,0.0,11976.7,57.0,23.5,69.4,Полугорная,1
2023,Май,Согдийская,Пшеница,0.0,0.0,0.0,0.0,12364.2,0.0,13690.5,57.0,24.5,79.4,Полугорная,1
2023,Июнь,Согдийская,Пшеница,41977.4,3.64,152746.4,4765.9,0.0,53763.2,14980.3,57.0,29.7,49.9,Полугорная,1
2023,Июль,Согдийская,Пшеница,41977.4,3.64,152746.4,4293.72,0.0,64654.8,13417.5,57.0,38.4,30.0,Полугорная,1
2023,Август,Согдийская,Пшеница,0.0,0.0,0.0,0.0,12357.3,0.0,13277.8,57.0,28.5,16.5,Полугорная,1
2023,Сентябрь,Согдийская,Пшеница,0.0,0.0,0.0,0.0,10232.3,0.0,12598.9,57.0,28.5,27.7,Полугорная,1
2023,Октябрь,Согдийская,Пшеница,0.0,0.0,0.0,0.0,8090.4,0.0,9688.5,57.0,25.3,59.4,Полугорная,1
2023,Ноябрь,Согдийская,Пшеница,0.0,0.0,0.0,0.0,8025.8,0.0,10078.6,57.0,14.1,50.2,Полугорная,0
2023,Декабрь,Согдийская,Пшеница,0.0,0.0,0.0,0.0,6634.6,0.0,9835.7,57.0,7.8,43.5,Полугорная,0
2023,Январь,Согдийская,Картофель,0.0,0.0,0.0,0.0,5305.6,0.0,7044.8,57.0,5.4,42.0,Полугорная,0
2023,Февраль,Согдийская,Картофель,0.0,0.0,0.0,0.0,5765.8,0.0,7051.0,57.0,15.6,21.4,Полугорная,0
2023,Март,Согдийская,Картофель,0.0,0.0,0.0,0.0,7482.4,0.0,7934.6,57.0,13.2,49.6,Полугорная,0
2023,Апрель,Согдийская,Картофель,0.0,0.0,0.0,0.0,5195.4,0.0,8053.5,57.0,18.3,82.9,Полугорная,1
2023,Май,Согдийская,Картофель,6787.4,21.33,144759.7,6964.56,0.0,68890.0,8989.2,57.0,25.6,74.0,Полугорная,1
2023,Июнь,Согдийская,Картофель,6787.4,21.33,144759.7,5671.11,0.0,43810.3,9760.0,57.0,26.2,39.1,Полугорная,1
2023,Июль,Согдийская,Картофель,0.0,0.0,0.0,0.0,7121.6,0.0,9789.2,57.0,33.7,24.4,Полугорная,1
2023,Август,Согдийская,Картофель,0.0,0.0,0.0,0.0,9515.7,0.0,10317.3,57.0,29.0,29.9,Полугорная,1
2023,Сентябрь,Согдийская,Картофель,6787.4,21.33,144759.7,6016.7,0.0,58102.1,8244.8,57.0,25.0,50.9,Полугорная,1
2023,Октябрь,Согдийская,Картофель,0.0,0.0,0.0,0.0,6841.3,0.0,7940.1,57.0,19.2,52.5,Полугорная,1
2023,Ноябрь,Согдийская,Картофель,0.0,0.0,0.0,0.0,5989.4,0.0,7617.7,57.0,12.5,46.6,Полугорная,0
2023,Декабрь,Согдийская,Картофель,0.0,0.0,0.0,0.0,5027.5,0.0,6867.7,57.0,8.4,26.3,Полугорная,0
2023,Январь,Согдийская,Овощи,0.0,0.0,0.0,0.0,5685.9,0.0,6236.7,57.0,10.8,41.8,Полугорная,0
2023,Февраль,Согдийская,Овощи,0.0,0.0,0.0,0.0,4879.5,0.0,6192.3,57.0,12.2,33.5,Полугорная,0
2023,Март,Согдийская,Овощи,0.0,0.0,0.0,0.0,5217.3,0.0,7175.7,57.0,14.0,64.5,Полугорная,0
2023,Апрель,Согдийская,Овощи,0.0,0.0,0.0,0.0,4962.0,0.0,7592.9,57.0,16.9,73.1,Полугорная,0
2023,Май,Согдийская,Овощи,0.0,0.0,0.0,0.0,7687.5,0.0,8412.1,57.0,27.6,69.6,Полугорная,1
2023,Июнь,Согдийская,Овощи,6360.6,17.21,109493.8,5333.65,0.0,54140.9,8993.5,57.0,28.9,44.0,Полугорная,1
2023,Июль,Согдийская,Овощи,6360.6,17.21,109493.8,4635.18,0.0,62712.4,10587.3,57.0,30.0,34.6,Полугорная,1
2023,Август,Согдийская,Овощи,6360.6,17.21,109493.8,4500.76,0.0,55976.6,8682.6,57.0,31.7,30.1,Полугорная,1
2023,Сентябрь,Согдийская,Овощи,6360.6,17.21,109493.8,4535.06,0.0,59936.3,7679.7,57.0,21.5,36.9,Полугорная,1
2023,Октябрь,Согдийская,Овощи,0.0,0.0,0.0,0.0,6478.8,0.0,6845.1,57.0,25.1,41.0,Полугорная,1
2023,Ноябрь,Согдийская,Овощи,0.0,0.0,0.0,0.0,6060.2,0.0,7495.8,57.0,14.8,43.4,Полугорная,0
2023,Декабрь,Согдийская,Овощи,0.0,0.0,0.0,0.0,6748.4,0.0,7196.3,57.0,13.4,33.8,Полугорная,0
2023,Январь,Согдийская,Мясо,0.0,0.0,9071.5,63721.2,0.0,3773.6,4384.3,57.0,6.3,33.2,Полугорная,0
2023,Февраль,Согдийская,Мясо,0.0,0.0,9071.5,68262.81,0.0,2829.1,4462.7,57.0,16.2,31.7,Полугорная,0
2023,Март,Согдийская,Мясо,0.0,0.0,9071.5,70725.19,0.0,2278.3,4741.6,57.0,14.0,62.6,Полугорная,0
2023,Апрель,Согдийская,Мясо,0.0,0.0,9071.5,80380.01,0.0,2450.8,5157.4,57.0,20.5,89.2,Полугорная,1
2023,Май,Согдийская,Мясо,0.0,0.0,9071.5,74733.81,0.0,2893.8,5344.4,57.0,30.0,66.3,Полугорная,1
2023,Июнь,Согдийская,Мясо,0.0,0.0,9071.5,63266.35,0.0,2347.6,5926.1,57.0,32.3,42.7,Полугорная,1
2023,Июль,Согдийская,Мясо,0.0,0.0,9071.5,65007.31,0.0,2400.9,6042.9,57.0,29.0,36.1,Полугорная,1
2023,Август,Согдийская,Мясо,0.0,0.0,9071.5,77157.22,0.0,2093.8,6013.5,57.0,30.5,15.0,Полугорная,1
2023,Сентябрь,Согдийская,Мясо,0.0,0.0,9071.5,73453.54,0.0,3488.2,4943.8,57.0,28.7,42.2,Полугорная,1
2023,Октябрь,Согдийская,Мясо,0.0,0.0,9071.5,61714.43,0.0,2844.8,4805.7,57.0,24.9,55.8,Полугорная,1
2023,Ноябрь,Согдийская,Мясо,0.0,0.0,9071.5,75716.96,0.0,3697.5,4739.3,57.0,14.7,57.7,Полугорная,0
2023,Декабрь,Согдийская,Мясо,0.0,0.0,9071.5,70424.66,0.0,3743.2,4695.3,57.0,7.2,43.8,Полугорная,0
2023,Январь,Согдийская,Молоко,0.0,0.0,31625.0,8048.11,0.0,11126.7,10997.2,57.0,3.3,21.9,Полугорная,0
2023,Февраль,Согдийская,Молоко,0.0,0.0,31625.0,8620.51,0.0,17672.3,10880.8,57.0,9.1,48.4,Полугорная,0
2023,Март,Согдийская,Молоко,0.0,0.0,31625.0,8233.35,0.0,11592.7,11339.1,57.0,12.6,58.2,Полугорная,0
2023,Апрель,Согдийская,Молоко,0.0,0.0,31625.0,8066.42,0.0,12372.7,13412.8,57.0,22.3,71.1,Полугорная,1
2023,Май,Согдийская,Молоко,0.0,0.0,31625.0,9039.24,0.0,16542.8,13205.8,57.0,29.7,71.6,Полугорная,1
2023,Июнь,Согдийская,Молоко,0.0,0.0,31625.0,8166.62,0.0,7022.2,14680.0,57.0,29.9,40.9,Полугорная,1
2023,Июль,Согдийская,Молоко,0.0,0.0,31625.0,9236.89,0.0,8674.2,16459.6,57.0,32.1,27.3,Полугорная,1
2023,Август,Согдийская,Молоко,0.0,0.0,31625.0,8882.63,0.0,14041.6,15441.9,57.0,27.4,39.0,Полугорная,1
2023,Сентябрь,Согдийская,Молоко,0.0,0.0,31625.0,9406.75,0.0,7747.1,11947.0,57.0,24.3,45.8,Полугорная,1
2023,Октябрь,Согдийская,Молоко,0.0,0.0,31625.0,9518.71,0.0,7531.2,10847.3,57.0,16.3,55.7,Полугорная,0
2023,Ноябрь,Согдийская,Молоко,0.0,0.0,31625.0,9347.47,0.0,9425.6,10486.7,57.0,14.3,36.4,Полугорная,0
2023,Декабрь,Согдийская,Молоко,0.0,0.0,31625.0,7938.09,0.0,17821.6,10353.2,57.0,7.2,25.0,Полугорная,0
2023,Январь,ГБАО,Пшеница,0.0,0.0,0.0,0.0,1576.2,0.0,1328.8,5.0,-7.8,18.7,Горная,0
2023,Февраль,ГБАО,Пшеница,0.0,0.0,0.0,0.0,1239.6,0.0,1374.4,5.0,-6.8,48.6,Горная,0
2023,Март,ГБАО,Пшеница,0.0,0.0,0.0,0.0,1742.6,0.0,1438.3,5.0,-2.8,68.8,Горная,0
2023,Апрель,ГБАО,Пшеница,0.0,0.0,0.0,0.0,2036.4,0.0,1780.2,5.0,2.6,66.3,Горная,0
2023,Май,ГБАО,Пшеница,0.0,0.0,0.0,0.0,1658.3,0.0,1848.1,5.0,15.5,72.8,Горная,0
2023,Июнь,ГБАО,Пшеница,5592.9,0.69,3876.4,914.14,0.0,95.2,1822.0,5.0,17.6,48.2,Горная,0
2023,Июль,ГБАО,Пшеница,5592.9,0.69,3876.4,936.78,0.0,62.6,1835.5,5.0,22.4,37.9,Горная,1
2023,Август,ГБАО,Пшеница,0.0,0.0,0.0,0.0,1987.8,0.0,1836.2,5.0,18.0,14.8,Горная,0
2023,Сентябрь,ГБАО,Пшеница,0.0,0.0,0.0,0.0,1327.3,0.0,1656.2,5.0,14.9,34.0,Горная,0
2023,Октябрь,ГБАО,Пшеница,0.0,0.0,0.0,0.0,1362.6,0.0,1423.6,5.0,4.0,58.4,Горная,0
2023,Ноябрь,ГБАО,Пшеница,0.0,0.0,0.0,0.0,1439.0,0.0,1443.9,5.0,3.4,50.6,Горная,0
2023,Декабрь,ГБАО,Пшеница,0.0,0.0,0.0,0.0,1100.3,0.0,1223.4,5.0,-4.5,34.2,Горная,0
2023,Январь,ГБАО,Картофель,0.0,0.0,0.0,0.0,1967.9,0.0,1740.3,5.0,-9.4,44.2,Горная,0
2023,Февраль,ГБАО,Картофель,0.0,0.0,0.0,0.0,1826.4,0.0,1867.8,5.0,0.1,42.8,Горная,0
2023,Март,ГБАО,Картофель,0.0,0.0,0.0,0.0,2001.5,0.0,1908.9,5.0,-3.3,65.0,Горная,0
2023,Апрель,ГБАО,Картофель,0.0,0.0,0.0,0.0,2116.2,0.0,2061.5,5.0,9.3,88.6,Горная,0
2023,Май,ГБАО,Картофель,1681.2,4.06,6829.5,1191.42,0.0,351.1,2492.3,5.0,16.8,73.4,Горная,0
2023,Июнь,ГБАО,Картофель,1681.2,4.06,6829.5,1432.83,0.0,281.7,2433.9,5.0,11.0,48.4,Горная,0
2023,Июль,ГБАО,Картофель,0.0,0.0,0.0,0.0,3446.4,0.0,2820.7,5.0,18.3,30.2,Горная,1
2023,Август,ГБАО,Картофель,0.0,0.0,0.0,0.0,2676.7,0.0,2313.2,5.0,16.8,22.5,Горная,0
2023,Сентябрь,ГБАО,Картофель,1681.2,4.06,6829.5,1204.91,0.0,345.7,2013.9,5.0,11.0,51.6,Горная,0
2023,Октябрь,ГБАО,Картофель,0.0,0.0,0.0,0.0,2052.4,0.0,1927.5,5.0,7.8,50.7,Горная,0
2023,Ноябрь,ГБАО,Картофель,0.0,0.0,0.0,0.0,2363.3,0.0,2066.8,5.0,0.4,40.9,Горная,0
2023,Декабрь,ГБАО,Картофель,0.0,0.0,0.0,0.0,1910.2,0.0,1792.8,5.0,2.5,31.4,Горная,0
2023,Январь,ГБАО,Овощи,0.0,0.0,0.0,0.0,1235.3,0.0,1107.3,5.0,-7.3,19.2,Горная,0
2023,Февраль,ГБАО,Овощи,0.0,0.0,0.0,0.0,956.5,0.0,1079.2,5.0,-8.9,34.7,Горная,0
2023,Март,ГБАО,Овощи,0.0,0.0,0.0,0.0,1330.1,0.0,1221.1,5.0,4.8,67.9,Горная,0
2023,Апрель,ГБАО,Овощи,0.0,0.0,0.0,0.0,1486.3,0.0,1497.3,5.0,3.2,81.3,Горная,0
2023,Май,ГБАО,Овощи,0.0,0.0,0.0,0.0,1552.7,0.0,1532.3,5.0,10.2,65.0,Горная,0
2023,Июнь,ГБАО,Овощи,1056.8,3.28,3465.1,777.0,0.0,89.2,1715.9,5.0,22.4,35.4,Горная,1
2023,Июль,ГБАО,Овощи,1056.8,3.28,3465.1,1061.36,0.0,69.7,1688.7,5.0,18.0,42.4,Горная,0
2023,Август,ГБАО,Овощи,1056.8,3.28,3465.1,836.99,0.0,172.5,1377.4,5.0,13.5,27.7,Горная,0
2023,Сентябрь,ГБАО,Овощи,1056.8,3.28,3465.1,772.86,0.0,129.1,1417.7,5.0,8.8,39.7,Горная,0
2023,Октябрь,ГБАО,Овощи,0.0,0.0,0.0,0.0,1008.0,0.0,1145.3,5.0,4.8,49.9,Горная,0
2023,Ноябрь,ГБАО,Овощи,0.0,0.0,0.0,0.0,1241.5,0.0,1182.9,5.0,0.6,50.5,Горная,0
2023,Декабрь,ГБАО,Овощи,0.0,0.0,0.0,0.0,1265.4,0.0,1072.6,5.0,0.1,41.6,Горная,0
2023,Январь,ГБАО,Мясо,0.0,0.0,2879.7,14029.41,0.0,104.5,1403.3,5.0,-3.4,31.2,Горная,0
2023,Февраль,ГБАО,Мясо,0.0,0.0,2879.7,12186.66,0.0,117.5,1305.5,5.0,-3.0,36.5,Горная,0
2023,Март,ГБАО,Мясо,0.0,0.0,2879.7,14197.36,0.0,61.1,1539.5,5.0,0.5,61.8,Горная,0
2023,Апрель,ГБАО,Мясо,0.0,0.0,2879.7,15653.17,0.0,71.4,1736.1,5.0,8.7,76.4,Горная,0
2023,Май,ГБАО,Мясо,0.0,0.0,2879.7,12110.25,0.0,83.5,1728.3,5.0,14.7,57.8,Горная,0
2023,Июнь,ГБАО,Мясо,0.0,0.0,2879.7,15726.47,0.0,91.1,1772.8,5.0,11.6,52.5,Горная,0
2023,Июль,ГБАО,Мясо,0.0,0.0,2879.7,13134.57,0.0,48.7,2021.5,5.0,21.2,12.4,Горная,1
2023,Август,ГБАО,Мясо,0.0,0.0,2879.7,14543.19,0.0,93.3,1678.9,5.0,16.0,30.2,Горная,0
2023,Сентябрь,ГБАО,Мясо,0.0,0.0,2879.7,13336.14,0.0,85.8,1623.5,5.0,10.4,41.9,Горная,0
2023,Октябрь,ГБАО,Мясо,0.0,0.0,2879.7,12608.29,0.0,55.3,1618.2,5.0,5.0,49.3,Горная,0
2023,Ноябрь,ГБАО,Мясо,0.0,0.0,2879.7,15130.03,0.0,54.3,1558.4,5.0,3.7,48.6,Горная,0
2023,Декабрь,ГБАО,Мясо,0.0,0.0,2879.7,12151.69,0.0,98.6,1420.5,5.0,-3.1,29.6,Горная,0
2023,Январь,ГБАО,Молоко,0.0,0.0,9941.6,1538.22,0.0,390.1,3384.4,5.0,-3.8,24.8,Горная,0
2023,Февраль,ГБАО,Молоко,0.0,0.0,9941.6,1520.18,0.0,371.3,3463.5,5.0,-4.5,22.3,Горная,0
2023,Март,ГБАО,Молоко,0.0,0.0,9941.6,1832.35,0.0,472.1,4156.0,5.0,-4.8,59.6,Горная,0
2023,Апрель,ГБАО,Молоко,0.0,0.0,9941.6,1588.59,0.0,514.6,4173.0,5.0,8.3,78.2,Горная,0
2023,Май,ГБАО,Молоко,0.0,0.0,9941.6,1579.4,0.0,324.1,4633.4,5.0,10.0,67.8,Горная,0
2023,Июнь,ГБАО,Молоко,0.0,0.0,9941.6,1874.1,0.0,333.4,5270.2,5.0,12.4,51.2,Горная,0
2023,Июль,ГБАО,Молоко,0.0,0.0,9941.6,1567.64,0.0,450.6,4712.8,5.0,19.7,33.1,Горная,1
2023,Август,ГБАО,Молоко,0.0,0.0,9941.6,1686.84,0.0,385.5,5005.5,5.0,20.5,41.6,Горная,1
2023,Сентябрь,ГБАО,Молоко,0.0,0.0,9941.6,1571.5,0.0,407.8,4423.2,5.0,7.8,36.1,Горная,0
2023,Октябрь,ГБАО,Молоко,0.0,0.0,9941.6,1911.82,0.0,243.6,4297.4,5.0,8.5,49.8,Горная,0
2023,Ноябрь,ГБАО,Молоко,0.0,0.0,9941.6,1612.67,0.0,446.2,3842.1,5.0,5.0,46.0,Горная,0
2023,Декабрь,ГБАО,Молоко,0.0,0.0,9941.6,1541.17,0.0,464.4,3383.7,5.0,-1.6,31.1,Горная,0
2023,Январь,РРП,Пшеница,0.0,0.0,0.0,0.0,5729.7,0.0,5233.6,25.0,8.3,31.8,Разнообразная,0
2023,Февраль,РРП,Пшеница,0.0,0.0,0.0,0.0,6831.2,0.0,5333.7,25.0,18.0,33.6,Разнообразная,0
2023,Март,РРП,Пшеница,0.0,0.0,0.0,0.0,6941.6,0.0,5732.2,25.0,15.2,71.8,Разнообразная,0
2023,Апрель,РРП,Пшеница,0.0,0.0,0.0,0.0,6694.1,0.0,6907.7,25.0,28.7,75.6,Разнообразная,1
2023,Май,РРП,Пшеница,0.0,0.0,0.0,0.0,7839.5,0.0,7878.8,25.0,28.1,74.3,Разнообразная,1
2023,Июнь,РРП,Пшеница,24602.4,2.6,63944.6,2048.68,0.0,17118.9,7714.7,25.0,33.5,31.0,Разнообразная,1
2023,Июль,РРП,Пшеница,24602.4,2.6,63944.6,2171.45,0.0,12603.0,8532.3,25.0,30.5,29.6,Разнообразная,1
2023,Август,РРП,Пшеница,0.0,0.0,0.0,0.0,6401.1,0.0,6819.9,25.0,33.8,33.0,Разнообразная,1
2023,Сентябрь,РРП,Пшеница,0.0,0.0,0.0,0.0,6707.8,0.0,6508.8,25.0,30.5,37.2,Разнообразная,1
2023,Октябрь,РРП,Пшеница,0.0,0.0,0.0,0.0,7004.3,0.0,5444.0,25.0,22.3,53.1,Разнообразная,1
2023,Ноябрь,РРП,Пшеница,0.0,0.0,0.0,0.0,7860.2,0.0,5797.3,25.0,13.6,44.4,Разнообразная,0
2023,Декабрь,РРП,Пшеница,0.0,0.0,0.0,0.0,7562.1,0.0,5433.7,25.0,9.2,40.9,Разнообразная,0
2023,Январь,РРП,Картофель,0.0,0.0,0.0,0.0,5055.4,0.0,4334.5,25.0,7.4,37.3,Разнообразная,0
2023,Февраль,РРП,Картофель,0.0,0.0,0.0,0.0,5220.4,0.0,4459.3,25.0,15.1,43.9,Разнообразная,0
2023,Март,РРП,Картофель,0.0,0.0,0.0,0.0,5894.0,0.0,4701.9,25.0,11.7,55.0,Разнообразная,0
2023,Апрель,РРП,Картофель,0.0,0.0,0.0,0.0,5863.6,0.0,5905.0,25.0,28.7,81.2,Разнообразная,1
2023,Май,РРП,Картофель,4143.3,15.23,63119.4,3105.31,0.0,19156.4,5996.6,25.0,31.0,79.5,Разнообразная,1
2023,Июнь,РРП,Картофель,4143.3,15.23,63119.4,2725.3,0.0,19813.1,6130.4,25.0,34.9,39.5,Разнообразная,1
2023,Июль,РРП,Картофель,0.0,0.0,0.0,0.0,9151.6,0.0,6982.0,25.0,37.8,28.0,Разнообразная,1
2023,Август,РРП,Картофель,0.0,0.0,0.0,0.0,7243.4,0.0,5792.4,25.0,36.8,22.6,Разнообразная,1
2023,Сентябрь,РРП,Картофель,4143.3,15.23,63119.4,2843.43,0.0,10655.8,5849.6,25.0,22.7,28.5,Разнообразная,1
2023,Октябрь,РРП,Картофель,0.0,0.0,0.0,0.0,6194.2,0.0,4896.2,25.0,21.7,39.4,Разнообразная,1
2023,Ноябрь,РРП,Картофель,0.0,0.0,0.0,0.0,4214.4,0.0,4490.9,25.0,17.9,63.0,Разнообразная,0
2023,Декабрь,РРП,Картофель,0.0,0.0,0.0,0.0,5943.2,0.0,4391.8,25.0,11.1,21.8,Разнообразная,0
2023,Январь,РРП,Овощи,0.0,0.0,0.0,0.0,5395.8,0.0,4572.2,25.0,14.4,36.8,Разнообразная,0
2023,Февраль,РРП,Овощи,0.0,0.0,0.0,0.0,4466.0,0.0,4910.0,25.0,9.0,37.2,Разнообразная,0
2023,Март,РРП,Овощи,0.0,0.0,0.0,0.0,6577.8,0.0,4743.5,25.0,20.4,57.8,Разнообразная,1
2023,Апрель,РРП,Овощи,0.0,0.0,0.0,0.0,5675.4,0.0,5484.5,25.0,21.3,91.1,Разнообразная,1
2023,Май,РРП,Овощи,0.0,0.0,0.0,0.0,7046.2,0.0,5773.6,25.0,25.5,68.2,Разнообразная,1
2023,Июнь,РРП,Овощи,4227.8,12.3,51984.6,1760.53,0.0,16263.7,6085.5,25.0,29.3,27.3,Разнообразная,1
2023,Июль,РРП,Овощи,4227.8,12.3,51984.6,2275.09,0.0,13243.3,7101.8,25.0,35.7,26.6,Разнообразная,1
2023,Август,РРП,Овощи,4227.8,12.3,51984.6,2279.74,0.0,15018.1,6541.7,25.0,30.6,13.8,Разнообразная,1
2023,Сентябрь,РРП,Овощи,4227.8,12.3,51984.6,1897.42,0.0,19366.8,5873.8,25.0,25.5,47.2,Разнообразная,1
2023,Октябрь,РРП,Овощи,0.0,0.0,0.0,0.0,5974.4,0.0,5322.6,25.0,18.0,67.2,Разнообразная,0
2023,Ноябрь,РРП,Овощи,0.0,0.0,0.0,0.0,4775.3,0.0,4832.3,25.0,20.4,44.0,Разнообразная,1
2023,Декабрь,РРП,Овощи,0.0,0.0,0.0,0.0,5036.3,0.0,4071.3,25.0,12.8,24.0,Разнообразная,0
2023,Январь,РРП,Мясо,0.0,0.0,5803.1,35997.27,0.0,912.7,2751.0,25.0,9.1,43.4,Разнообразная,0
2023,Февраль,РРП,Мясо,0.0,0.0,5803.1,28281.41,0.0,1341.8,2803.9,25.0,9.7,48.0,Разнообразная,0
2023,Март,РРП,Мясо,0.0,0.0,5803.1,27942.33,0.0,510.8,2864.5,25.0,14.7,60.3,Разнообразная,0
2023,Апрель,РРП,Мясо,0.0,0.0,5803.1,29406.08,0.0,1087.8,3014.6,25.0,23.8,86.7,Разнообразная,1
2023,Май,РРП,Мясо,0.0,0.0,5803.1,30823.49,0.0,539.0,3623.7,25.0,33.6,64.4,Разнообразная,1
2023,Июнь,РРП,Мясо,0.0,0.0,5803.1,29626.28,0.0,811.0,3948.6,25.0,35.1,28.7,Разнообразная,1
2023,Июль,РРП,Мясо,0.0,0.0,5803.1,34700.51,0.0,632.3,3585.4,25.0,36.5,21.3,Разнообразная,1
2023,Август,РРП,Мясо,0.0,0.0,5803.1,33033.91,0.0,791.4,3954.6,25.0,39.2,28.1,Разнообразная,1
2023,Сентябрь,РРП,Мясо,0.0,0.0,5803.1,28453.63,0.0,1044.8,3028.8,25.0,31.8,33.7,Разнообразная,1
2023,Октябрь,РРП,Мясо,0.0,0.0,5803.1,32080.87,0.0,1315.1,2752.6,25.0,19.7,32.8,Разнообразная,1
2023,Ноябрь,РРП,Мясо,0.0,0.0,5803.1,35535.06,0.0,882.4,2907.3,25.0,20.5,45.7,Разнообразная,1
2023,Декабрь,РРП,Мясо,0.0,0.0,5803.1,34803.25,0.0,1309.5,2635.5,25.0,15.3,42.9,Разнообразная,0
2023,Январь,РРП,Молоко,0.0,0.0,20528.0,3673.51,0.0,3773.9,6596.5,25.0,17.3,38.7,Разнообразная,0
2023,Февраль,РРП,Молоко,0.0,0.0,20528.0,4335.9,0.0,5662.1,6670.8,25.0,14.5,39.5,Разнообразная,0
2023,Март,РРП,Молоко,0.0,0.0,20528.0,3899.62,0.0,3924.5,7479.7,25.0,11.5,60.5,Разнообразная,0
2023,Апрель,РРП,Молоко,0.0,0.0,20528.0,3888.86,0.0,3051.5,9619.8,25.0,21.9,78.8,Разнообразная,1
2023,Май,РРП,Молоко,0.0,0.0,20528.0,4174.47,0.0,2289.4,9870.4,25.0,25.1,68.3,Разнообразная,1
2023,Июнь,РРП,Молоко,0.0,0.0,20528.0,3655.88,0.0,4954.1,9481.0,25.0,34.2,37.6,Разнообразная,1
2023,Июль,РРП,Молоко,0.0,0.0,20528.0,4104.83,0.0,1641.0,10799.7,25.0,37.3,9.6,Разнообразная,1
2023,Август,РРП,Молоко,0.0,0.0,20528.0,3990.14,0.0,4840.8,8891.0,25.0,28.5,10.6,Разнообразная,1
2023,Сентябрь,РРП,Молоко,0.0,0.0,20528.0,4293.06,0.0,4127.0,9376.5,25.0,28.6,35.6,Разнообразная,1
2023,Октябрь,РРП,Молоко,0.0,0.0,20528.0,3573.63,0.0,2675.9,8056.5,25.0,20.4,54.6,Разнообразная,1
2023,Ноябрь,РРП,Молоко,0.0,0.0,20528.0,3933.79,0.0,4250.9,7006.8,25.0,15.2,43.6,Разнообразная,0
2023,Декабрь,РРП,Молоко,0.0,0.0,20528.0,3939.23,0.0,3624.4,7021.3,25.0,15.0,43.3,Разнообразная,0
2024,Январь,Хатлонская,Пшеница,0.0,0.0,0.0,0.0,8212.8,0.0,10475.4,60.0,11.3,35.8,Равнинная,0
2024,Февраль,Хатлонская,Пшеница,0.0,0.0,0.0,0.0,5625.9,0.0,10292.5,54.7,20.9,28.9,Равнинная,1
2024,Март,Хатлонская,Пшеница,0.0,0.0,0.0,0.0,8121.3,0.0,12299.2,60.0,16.8,64.4,Равнинная,0
2024,Апрель,Хатлонская,Пшеница,0.0,0.0,0.0,0.0,9601.6,0.0,13579.9,60.0,28.9,87.4,Равнинная,1
2024,Май,Хатлонская,Пшеница,0.0,0.0,0.0,0.0,11514.7,0.0,15782.3,60.0,34.1,78.6,Равнинная,1
2024,Июнь,Хатлонская,Пшеница,50294.0,3.73,187475.1,5700.08,0.0,95733.0,14439.7,60.0,32.8,56.4,Равнинная,1
2024,Июль,Хатлонская,Пшеница,50294.0,3.73,187475.1,4946.04,0.0,83346.6,16982.4,60.0,34.3,36.5,Равнинная,1
2024,Август,Хатлонская,Пшеница,0.0,0.0,0.0,0.0,10985.7,0.0,13783.4,60.0,38.3,27.3,Равнинная,1
2024,Сентябрь,Хатлонская,Пшеница,0.0,0.0,0.0,0.0,9504.2,0.0,13873.3,60.0,34.1,49.4,Равнинная,1
2024,Октябрь,Хатлонская,Пшеница,0.0,0.0,0.0,0.0,7989.2,0.0,11225.8,60.0,29.9,44.8,Равнинная,1
2024,Ноябрь,Хатлонская,Пшеница,0.0,0.0,0.0,0.0,7362.7,0.0,12124.6,60.0,22.8,58.6,Равнинная,1
2024,Декабрь,Хатлонская,Пшеница,0.0,0.0,0.0,0.0,7698.1,0.0,10995.2,60.0,16.6,38.0,Равнинная,0
2024,Январь,Хатлонская,Картофель,0.0,0.0,0.0,0.0,3604.5,0.0,4622.7,60.0,12.4,23.2,Равнинная,0
2024,Февраль,Хатлонская,Картофель,0.0,0.0,0.0,0.0,2882.4,0.0,4770.1,60.0,15.9,38.6,Равнинная,0
2024,Март,Хатлонская,Картофель,0.0,0.0,0.0,0.0,3820.7,0.0,4855.4,60.0,13.1,65.2,Равнинная,0
2024,Апрель,Хатлонская,Картофель,0.0,0.0,0.0,0.0,3938.0,0.0,6003.9,60.0,22.4,77.0,Равнинная,1
2024,Май,Хатлонская,Картофель,4187.8,26.16,109570.3,7001.2,0.0,59013.2,6595.6,60.0,32.3,58.7,Равнинная,1
2024,Июнь,Хатлонская,Картофель,4187.8,26.16,109570.3,7350.19,0.0,34147.7,6754.3,60.0,32.9,60.5,Равнинная,1
2024,Июль,Хатлонская,Картофель,0.0,0.0,0.0,0.0,3746.5,0.0,6685.0,56.0,40.1,39.7,Равнинная,1
2024,Август,Хатлонская,Картофель,0.0,0.0,0.0,0.0,4929.5,0.0,6211.8,60.0,37.3,25.0,Равнинная,1
2024,Сентябрь,Хатлонская,Картофель,4187.8,26.16,109570.3,7656.7,0.0,57568.2,5014.4,60.0,32.0,30.9,Равнинная,1
2024,Октябрь,Хатлонская,Картофель,0.0,0.0,0.0,0.0,3267.3,0.0,4828.2,60.0,22.0,62.1,Равнинная,1
2024,Ноябрь,Хатлонская,Картофель,0.0,0.0,0.0,0.0,4356.0,0.0,5223.4,60.0,19.0,54.8,Равнинная,1
2024,Декабрь,Хатлонская,Картофель,0.0,0.0,0.0,0.0,2781.2,0.0,4156.5,60.0,14.5,50.1,Равнинная,0
2024,Январь,Хатлонская,Овощи,0.0,0.0,0.0,0.0,6204.9,0.0,9486.1,60.0,10.1,31.1,Равнинная,0
2024,Февраль,Хатлонская,Овощи,0.0,0.0,0.0,0.0,8126.8,0.0,9717.4,60.0,12.2,39.1,Равнинная,0
2024,Март,Хатлонская,Овощи,0.0,0.0,0.0,0.0,7721.4,0.0,11155.9,60.0,14.2,59.8,Равнинная,0
2024,Апрель,Хатлонская,Овощи,0.0,0.0,0.0,0.0,9405.9,0.0,12218.7,60.0,23.7,72.0,Равнинная,1
2024,Май,Хатлонская,Овощи,0.0,0.0,0.0,0.0,10590.7,0.0,14178.7,60.0,27.1,69.2,Равнинная,1
2024,Июнь,Хатлонская,Овощи,8884.1,20.84,185110.2,5921.78,0.0,84393.9,13928.0,60.0,33.6,33.6,Равнинная,1
2024,Июль,Хатлонская,Овощи,8884.1,20.84,185110.2,4211.34,0.0,143779.7,14478.0,60.0,32.6,10.6,Равнинная,1
2024,Август,Хатлонская,Овощи,8884.1,20.84,185110.2,4115.4,0.0,158929.8,13087.8,60.0,36.7,29.1,Равнинная,1
2024,Сентябрь,Хатлонская,Овощи,8884.1,20.84,185110.2,4925.78,0.0,62566.2,13456.1,60.0,34.7,46.4,Равнинная,1
2024,Октябрь,Хатлонская,Овощи,0.0,0.0,0.0,0.0,7590.6,0.0,10570.7,60.0,28.2,37.1,Равнинная,1
2024,Ноябрь,Хатлонская,Овощи,0.0,0.0,0.0,0.0,5795.7,0.0,9862.6,58.8,17.9,46.6,Равнинная,0
2024,Декабрь,Хатлонская,Овощи,0.0,0.0,0.0,0.0,5860.8,0.0,10172.4,57.6,18.6,36.4,Равнинная,1
2024,Январь,Хатлонская,Мясо,0.0,0.0,12069.6,79048.86,0.0,2647.2,5174.7,60.0,13.4,37.2,Равнинная,0
2024,Февраль,Хатлонская,Мясо,0.0,0.0,12069.6,83358.22,0.0,4199.3,5091.3,60.0,15.2,33.5,Равнинная,0
2024,Март,Хатлонская,Мясо,0.0,0.0,12069.6,73191.1,0.0,5841.0,5189.2,60.0,16.0,52.4,Равнинная,0
2024,Апрель,Хатлонская,Мясо,0.0,0.0,12069.6,74667.54,0.0,3685.3,6592.0,60.0,25.1,87.1,Равнинная,1
2024,Май,Хатлонская,Мясо,0.0,0.0,12069.6,72642.05,0.0,3409.1,6892.9,60.0,32.1,79.2,Равнинная,1
2024,Июнь,Хатлонская,Мясо,0.0,0.0,12069.6,75861.78,0.0,4108.9,7818.5,60.0,38.2,55.0,Равнинная,1
2024,Июль,Хатлонская,Мясо,0.0,0.0,12069.6,92746.82,0.0,2494.3,7851.5,60.0,37.9,23.2,Равнинная,1
2024,Август,Хатлонская,Мясо,0.0,0.0,12069.6,90642.92,0.0,2602.8,7241.2,60.0,40.4,22.3,Равнинная,1
2024,Сентябрь,Хатлонская,Мясо,0.0,0.0,12069.6,84322.81,0.0,5700.1,5874.0,60.0,30.0,31.5,Равнинная,1
2024,Октябрь,Хатлонская,Мясо,0.0,0.0,12069.6,87001.75,0.0,6244.8,5225.1,60.0,24.2,41.5,Равнинная,1
2024,Ноябрь,Хатлонская,Мясо,0.0,0.0,12069.6,72924.28,0.0,3820.4,5828.6,60.0,15.6,65.7,Равнинная,0
2024,Декабрь,Хатлонская,Мясо,0.0,0.0,12069.6,70560.58,0.0,6161.0,5355.1,60.0,19.3,36.3,Равнинная,1
2024,Январь,Хатлонская,Молоко,0.0,0.0,41672.0,10105.56,0.0,14332.4,15005.5,60.0,13.7,25.1,Равнинная,0
2024,Февраль,Хатлонская,Молоко,0.0,0.0,41672.0,9773.68,0.0,23922.4,14383.3,60.0,17.3,33.1,Равнинная,0
2024,Март,Хатлонская,Молоко,0.0,0.0,41672.0,10051.72,0.0,15008.3,14854.3,60.0,22.9,72.2,Равнинная,1
2024,Апрель,Хатлонская,Молоко,0.0,0.0,41672.0,10188.76,0.0,21772.3,17080.4,60.0,21.4,70.6,Равнинная,1
2024,Май,Хатлонская,Молоко,0.0,0.0,41672.0,9620.35,0.0,8179.6,19915.5,60.0,35.3,66.2,Равнинная,1
2024,Июнь,Хатлонская,Молоко,0.0,0.0,41672.0,10814.07,0.0,16436.4,19881.8,60.0,32.3,44.1,Равнинная,1
2024,Июль,Хатлонская,Молоко,0.0,0.0,41672.0,11138.35,0.0,16150.3,22344.2,60.0,39.1,28.1,Равнинная,1
2024,Август,Хатлонская,Молоко,0.0,0.0,41672.0,9469.65,0.0,15269.1,19855.6,60.0,35.9,7.6,Равнинная,1
2024,Сентябрь,Хатлонская,Молоко,0.0,0.0,41672.0,10165.52,0.0,9026.3,19278.3,60.0,26.8,41.5,Равнинная,1
2024,Октябрь,Хатлонская,Молоко,0.0,0.0,41672.0,9711.86,0.0,23646.1,15296.1,60.0,28.4,42.5,Равнинная,1
2024,Ноябрь,Хатлонская,Молоко,0.0,0.0,41672.0,11065.49,0.0,13137.8,16201.4,60.0,15.6,59.7,Равнинная,0
2024,Декабрь,Хатлонская,Молоко,0.0,0.0,41672.0,9003.52,0.0,13922.7,13238.0,60.0,15.6,26.6,Равнинная,0
2024,Январь,Согдийская,Пшеница,0.0,0.0,0.0,0.0,6112.8,0.0,9909.6,57.0,11.2,37.6,Полугорная,0
2024,Февраль,Согдийская,Пшеница,0.0,0.0,0.0,0.0,6775.9,0.0,10191.5,57.0,10.4,35.6,Полугорная,0
2024,Март,Согдийская,Пшеница,0.0,0.0,0.0,0.0,8538.8,0.0,9583.6,57.0,12.5,67.8,Полугорная,0
2024,Апрель,Согдийская,Пшеница,0.0,0.0,0.0,0.0,9941.8,0.0,12425.4,57.0,20.9,74.8,Полугорная,1
2024,Май,Согдийская,Пшеница,0.0,0.0,0.0,0.0,10774.0,0.0,13290.2,57.0,24.2,82.9,Полугорная,1
2024,Июнь,Согдийская,Пшеница,45028.5,3.26,146866.6,4457.56,0.0,95945.8,13900.3,57.0,30.8,33.3,Полугорная,1
2024,Июль,Согдийская,Пшеница,45028.5,3.26,146866.6,5061.31,0.0,92120.5,13616.3,57.0,33.8,25.0,Полугорная,1
2024,Август,Согдийская,Пшеница,0.0,0.0,0.0,0.0,8706.0,0.0,11981.1,57.0,26.7,21.6,Полугорная,1
2024,Сентябрь,Согдийская,Пшеница,0.0,0.0,0.0,0.0,9049.3,0.0,12639.2,57.0,23.1,28.0,Полугорная,1
2024,Октябрь,Согдийская,Пшеница,0.0,0.0,0.0,0.0,7718.0,0.0,9884.7,57.0,17.0,47.5,Полугорная,0
2024,Ноябрь,Согдийская,Пшеница,0.0,0.0,0.0,0.0,8465.2,0.0,10578.7,57.0,12.0,43.7,Полугорная,0
2024,Декабрь,Согдийская,Пшеница,0.0,0.0,0.0,0.0,7074.2,0.0,8669.6,57.0,10.3,43.6,Полугорная,0
2024,Январь,Согдийская,Картофель,0.0,0.0,0.0,0.0,6081.8,0.0,7190.7,57.0,5.3,24.3,Полугорная,0
2024,Февраль,Согдийская,Картофель,0.0,0.0,0.0,0.0,5272.0,0.0,7087.4,57.0,11.3,22.4,Полугорная,0
2024,Март,Согдийская,Картофель,0.0,0.0,0.0,0.0,7958.2,0.0,8518.1,57.0,11.1,56.1,Полугорная,0
2024,Апрель,Согдийская,Картофель,0.0,0.0,0.0,0.0,5198.5,0.0,8373.4,57.0,23.0,77.9,Полугорная,1
2024,Май,Согдийская,Картофель,6812.9,22.89,155972.4,5576.54,0.0,76367.1,9516.0,57.0,26.0,70.6,Полугорная,1
2024,Июнь,Согдийская,Картофель,6812.9,22.89,155972.4,7043.71,0.0,75106.5,9526.8,57.0,31.0,39.2,Полугорная,1
2024,Июль,Согдийская,Картофель,0.0,0.0,0.0,0.0,9824.7,0.0,10683.1,57.0,36.8,25.1,Полугорная,1
2024,Август,Согдийская,Картофель,0.0,0.0,0.0,0.0,6464.8,0.0,10372.7,57.0,27.9,24.7,Полугорная,1
2024,Сентябрь,Согдийская,Картофель,6812.9,22.89,155972.4,6380.98,0.0,87280.7,8439.3,57.0,22.6,31.8,Полугорная,1
2024,Октябрь,Согдийская,Картофель,0.0,0.0,0.0,0.0,6627.1,0.0,7749.1,57.0,23.7,64.2,Полугорная,1
2024,Ноябрь,Согдийская,Картофель,0.0,0.0,0.0,0.0,5475.6,0.0,7862.9,57.0,19.6,43.0,Полугорная,1
2024,Декабрь,Согдийская,Картофель,0.0,0.0,0.0,0.0,6899.0,0.0,7664.3,57.0,11.3,21.0,Полугорная,0
2024,Январь,Согдийская,Овощи,0.0,0.0,0.0,0.0,5329.1,0.0,6576.1,57.0,9.6,26.7,Полугорная,0
2024,Февраль,Согдийская,Овощи,0.0,0.0,0.0,0.0,4325.9,0.0,6656.2,57.0,11.0,46.2,Полугорная,0
2024,Март,Согдийская,Овощи,0.0,0.0,0.0,0.0,4538.8,0.0,7260.9,57.0,14.3,72.9,Полугорная,0
2024,Апрель,Согдийская,Овощи,0.0,0.0,0.0,0.0,5428.1,0.0,8026.6,57.0,19.6,83.4,Полугорная,1
2024,Май,Согдийская,Овощи,0.0,0.0,0.0,0.0,5470.9,0.0,8974.1,57.0,31.1,69.1,Полугорная,1
2024,Июнь,Согдийская,Овощи,6202.4,18.23,113080.0,3875.41,0.0,55540.7,8835.4,57.0,34.6,45.6,Полугорная,1
2024,Июль,Согдийская,Овощи,6202.4,18.23,113080.0,5367.31,0.0,82093.4,9950.7,57.0,30.8,33.6,Полугорная,1
2024,Август,Согдийская,Овощи,6202.4,18.23,113080.0,4559.89,0.0,52584.4,8793.9,57.0,30.0,30.1,Полугорная,1
2024,Сентябрь,Согдийская,Овощи,6202.4,18.23,113080.0,4048.23,0.0,50512.5,8151.7,57.0,23.7,36.2,Полугорная,1
2024,Октябрь,Согдийская,Овощи,0.0,0.0,0.0,0.0,6713.5,0.0,7155.4,57.0,18.2,51.9,Полугорная,0
2024,Ноябрь,Согдийская,Овощи,0.0,0.0,0.0,0.0,5771.4,0.0,7045.3,57.0,15.3,60.7,Полугорная,0
2024,Декабрь,Согдийская,Овощи,0.0,0.0,0.0,0.0,4634.8,0.0,6912.9,57.0,9.6,23.0,Полугорная,0
2024,Январь,Согдийская,Мясо,0.0,0.0,9522.9,78640.76,0.0,4777.0,4084.8,57.0,14.8,32.5,Полугорная,0
2024,Февраль,Согдийская,Мясо,0.0,0.0,9522.9,65792.62,0.0,4291.9,3995.8,57.0,15.2,34.8,Полугорная,0
2024,Март,Согдийская,Мясо,0.0,0.0,9522.9,73058.25,0.0,3877.0,4784.1,57.0,11.0,55.2,Полугорная,0
2024,Апрель,Согдийская,Мясо,0.0,0.0,9522.9,73455.72,0.0,2519.1,5291.9,57.0,24.6,82.3,Полугорная,1
2024,Май,Согдийская,Мясо,0.0,0.0,9522.9,74425.53,0.0,2568.7,6137.3,57.0,30.7,74.7,Полугорная,1
2024,Июнь,Согдийская,Мясо,0.0,0.0,9522.9,63150.05,0.0,2674.4,6398.0,57.0,32.1,47.6,Полугорная,1
2024,Июль,Согдийская,Мясо,0.0,0.0,9522.9,69108.35,0.0,1158.2,6480.3,57.0,30.1,37.6,Полугорная,1
2024,Август,Согдийская,Мясо,0.0,0.0,9522.9,77052.78,0.0,1234.2,5523.4,57.0,33.6,28.5,Полугорная,1
2024,Сентябрь,Согдийская,Мясо,0.0,0.0,9522.9,75448.22,0.0,3026.6,5547.6,57.0,28.7,39.8,Полугорная,1
2024,Октябрь,Согдийская,Мясо,0.0,0.0,9522.9,68901.07,0.0,2792.5,4394.5,57.0,15.7,47.5,Полугорная,0
2024,Ноябрь,Согдийская,Мясо,0.0,0.0,9522.9,62606.45,0.0,4066.7,4841.1,57.0,13.7,45.0,Полугорная,0
2024,Декабрь,Согдийская,Мясо,0.0,0.0,9522.9,61874.13,0.0,3583.9,4574.5,57.0,4.8,28.9,Полугорная,0
2024,Январь,Согдийская,Молоко,0.0,0.0,30599.4,9511.98,0.0,9548.9,10222.0,57.0,13.9,27.9,Полугорная,0
2024,Февраль,Согдийская,Молоко,0.0,0.0,30599.4,9858.06,0.0,13953.4,10208.2,57.0,13.7,24.5,Полугорная,0
2024,Март,Согдийская,Молоко,0.0,0.0,30599.4,8960.42,0.0,16251.0,11095.0,57.0,14.7,61.7,Полугорная,0
2024,Апрель,Согдийская,Молоко,0.0,0.0,30599.4,9669.03,0.0,13169.5,12518.7,57.0,25.3,102.1,Полугорная,1
2024,Май,Согдийская,Молоко,0.0,0.0,30599.4,8602.79,0.0,13182.9,13371.5,57.0,23.3,65.8,Полугорная,1
2024,Июнь,Согдийская,Молоко,0.0,0.0,30599.4,8186.75,0.0,6977.4,16375.8,57.0,30.7,41.2,Полугорная,1
2024,Июль,Согдийская,Молоко,0.0,0.0,30599.4,8704.2,0.0,4214.2,16658.7,57.0,30.4,19.2,Полугорная,1
2024,Август,Согдийская,Молоко,0.0,0.0,30599.4,9749.67,0.0,7423.8,15387.0,57.0,35.9,23.9,Полугорная,1
2024,Сентябрь,Согдийская,Молоко,0.0,0.0,30599.4,8214.8,0.0,15569.0,12876.1,57.0,28.3,51.4,Полугорная,1
2024,Октябрь,Согдийская,Молоко,0.0,0.0,30599.4,9363.23,0.0,7919.0,10810.5,57.0,22.8,51.6,Полугорная,1
2024,Ноябрь,Согдийская,Молоко,0.0,0.0,30599.4,9505.99,0.0,7140.8,10939.6,57.0,13.8,45.0,Полугорная,0
2024,Декабрь,Согдийская,Молоко,0.0,0.0,30599.4,8354.47,0.0,11460.6,10654.7,57.0,9.1,33.8,Полугорная,0
2024,Январь,ГБАО,Пшеница,0.0,0.0,0.0,0.0,1378.9,0.0,1422.2,5.0,-1.6,20.9,Горная,0
2024,Февраль,ГБАО,Пшеница,0.0,0.0,0.0,0.0,1584.8,0.0,1342.5,5.0,-3.8,41.5,Горная,0
2024,Март,ГБАО,Пшеница,0.0,0.0,0.0,0.0,1497.4,0.0,1391.0,5.0,-2.6,73.1,Горная,0
2024,Апрель,ГБАО,Пшеница,0.0,0.0,0.0,0.0,1497.8,0.0,1720.4,5.0,3.9,78.7,Горная,0
2024,Май,ГБАО,Пшеница,0.0,0.0,0.0,0.0,1684.6,0.0,1660.1,5.0,15.2,62.0,Горная,0
2024,Июнь,ГБАО,Пшеница,6272.7,0.62,3897.0,1016.21,0.0,105.8,1947.2,5.0,16.2,40.2,Горная,0
2024,Июль,ГБАО,Пшеница,6272.7,0.62,3897.0,1066.5,0.0,91.5,2019.2,5.0,21.5,30.2,Горная,1
2024,Август,ГБАО,Пшеница,0.0,0.0,0.0,0.0,1311.7,0.0,1665.2,5.0,18.8,20.4,Горная,1
2024,Сентябрь,ГБАО,Пшеница,0.0,0.0,0.0,0.0,1361.8,0.0,1490.8,5.0,11.2,28.3,Горная,0
2024,Октябрь,ГБАО,Пшеница,0.0,0.0,0.0,0.0,1237.5,0.0,1350.4,5.0,11.0,52.0,Горная,0
2024,Ноябрь,ГБАО,Пшеница,0.0,0.0,0.0,0.0,1487.4,0.0,1504.9,5.0,-1.4,31.9,Горная,0
2024,Декабрь,ГБАО,Пшеница,0.0,0.0,0.0,0.0,1410.6,0.0,1416.8,5.0,0.6,36.8,Горная,0
2024,Январь,ГБАО,Картофель,0.0,0.0,0.0,0.0,1601.6,0.0,1966.6,5.0,-8.4,27.5,Горная,0
2024,Февраль,ГБАО,Картофель,0.0,0.0,0.0,0.0,2093.9,0.0,1844.1,5.0,-6.1,44.1,Горная,0
2024,Март,ГБАО,Картофель,0.0,0.0,0.0,0.0,2124.8,0.0,1955.3,5.0,-1.2,63.7,Горная,0
2024,Апрель,ГБАО,Картофель,0.0,0.0,0.0,0.0,2591.4,0.0,2186.8,5.0,1.6,96.7,Горная,0
2024,Май,ГБАО,Картофель,1596.4,4.36,6961.4,1280.71,0.0,414.4,2224.5,5.0,12.2,68.5,Горная,0
2024,Июнь,ГБАО,Картофель,1596.4,4.36,6961.4,1309.73,0.0,241.9,2759.6,5.0,14.2,37.9,Горная,0
2024,Июль,ГБАО,Картофель,0.0,0.0,0.0,0.0,2753.7,0.0,2366.0,5.0,20.6,34.7,Горная,1
2024,Август,ГБАО,Картофель,0.0,0.0,0.0,0.0,2279.3,0.0,2621.1,5.0,19.0,28.7,Горная,1
2024,Сентябрь,ГБАО,Картофель,1596.4,4.36,6961.4,1113.12,0.0,314.2,2172.3,5.0,9.8,43.4,Горная,0
2024,Октябрь,ГБАО,Картофель,0.0,0.0,0.0,0.0,1795.0,0.0,2102.9,5.0,8.5,55.8,Горная,0
2024,Ноябрь,ГБАО,Картофель,0.0,0.0,0.0,0.0,1676.7,0.0,1963.3,5.0,1.4,42.5,Горная,0
2024,Декабрь,ГБАО,Картофель,0.0,0.0,0.0,0.0,1529.8,0.0,1623.3,5.0,-5.9,25.0,Горная,0
2024,Январь,ГБАО,Овощи,0.0,0.0,0.0,0.0,1264.8,0.0,1084.9,5.0,-8.4,26.5,Горная,0
2024,Февраль,ГБАО,Овощи,0.0,0.0,0.0,0.0,1211.9,0.0,1120.7,5.0,-5.5,41.0,Горная,0
2024,Март,ГБАО,Овощи,0.0,0.0,0.0,0.0,1099.2,0.0,1373.3,5.0,-0.9,71.4,Горная,0
2024,Апрель,ГБАО,Овощи,0.0,0.0,0.0,0.0,1807.0,0.0,1490.1,5.0,4.5,74.5,Горная,0
2024,Май,ГБАО,Овощи,0.0,0.0,0.0,0.0,1432.9,0.0,1519.2,5.0,11.1,70.1,Горная,0
2024,Июнь,ГБАО,Овощи,995.7,3.47,3457.9,759.94,0.0,62.2,1534.3,5.0,13.1,45.5,Горная,0
2024,Июль,ГБАО,Овощи,995.7,3.47,3457.9,923.58,0.0,109.4,1771.4,5.0,24.0,22.8,Горная,1
2024,Август,ГБАО,Овощи,995.7,3.47,3457.9,1085.54,0.0,159.7,1618.2,5.0,15.6,37.1,Горная,0
2024,Сентябрь,ГБАО,Овощи,995.7,3.47,3457.9,957.1,0.0,88.1,1374.3,5.0,14.5,19.2,Горная,0
2024,Октябрь,ГБАО,Овощи,0.0,0.0,0.0,0.0,1540.6,0.0,1327.7,5.0,8.5,55.4,Горная,0
2024,Ноябрь,ГБАО,Овощи,0.0,0.0,0.0,0.0,1302.0,0.0,1104.8,5.0,-0.0,41.0,Горная,0
2024,Декабрь,ГБАО,Овощи,0.0,0.0,0.0,0.0,1174.9,0.0,1041.3,5.0,-4.3,29.6,Горная,0
2024,Январь,ГБАО,Мясо,0.0,0.0,2975.7,12829.75,0.0,65.3,1477.7,5.0,-6.4,20.8,Горная,0
2024,Февраль,ГБАО,Мясо,0.0,0.0,2975.7,13244.29,0.0,126.2,1415.3,5.0,-3.0,31.3,Горная,0
2024,Март,ГБАО,Мясо,0.0,0.0,2975.7,14767.64,0.0,127.4,1461.3,5.0,4.1,71.4,Горная,0
2024,Апрель,ГБАО,Мясо,0.0,0.0,2975.7,12085.13,0.0,90.3,1679.9,5.0,4.0,83.3,Горная,0
2024,Май,ГБАО,Мясо,0.0,0.0,2975.7,13014.26,0.0,33.0,1962.8,5.0,14.7,62.0,Горная,0
2024,Июнь,ГБАО,Мясо,0.0,0.0,2975.7,14070.13,0.0,33.4,2051.0,5.0,20.6,44.3,Горная,1
2024,Июль,ГБАО,Мясо,0.0,0.0,2975.7,15686.19,0.0,54.4,2033.6,5.0,21.1,33.4,Горная,1
2024,Август,ГБАО,Мясо,0.0,0.0,2975.7,12569.57,0.0,98.6,1718.7,5.0,19.3,28.5,Горная,1
2024,Сентябрь,ГБАО,Мясо,0.0,0.0,2975.7,15532.64,0.0,79.7,1724.9,5.0,11.2,36.9,Горная,0
2024,Октябрь,ГБАО,Мясо,0.0,0.0,2975.7,13218.46,0.0,102.9,1585.9,5.0,4.7,57.1,Горная,0
2024,Ноябрь,ГБАО,Мясо,0.0,0.0,2975.7,11823.73,0.0,135.3,1438.2,5.0,1.4,48.4,Горная,0
2024,Декабрь,ГБАО,Мясо,0.0,0.0,2975.7,13633.38,0.0,133.6,1263.4,5.0,-0.5,31.2,Горная,0
2024,Январь,ГБАО,Молоко,0.0,0.0,9817.0,1771.51,0.0,524.0,3448.8,5.0,-2.0,19.1,Горная,0
2024,Февраль,ГБАО,Молоко,0.0,0.0,9817.0,1866.45,0.0,493.0,3651.7,5.0,-6.2,26.8,Горная,0
2024,Март,ГБАО,Молоко,0.0,0.0,9817.0,1813.91,0.0,286.2,4097.0,5.0,-1.0,46.3,Горная,0
2024,Апрель,ГБАО,Молоко,0.0,0.0,9817.0,1567.03,0.0,262.4,4563.2,5.0,7.6,88.9,Горная,0
2024,Май,ГБАО,Молоко,0.0,0.0,9817.0,1833.73,0.0,292.4,4511.0,5.0,7.8,62.3,Горная,0
2024,Июнь,ГБАО,Молоко,0.0,0.0,9817.0,1585.89,0.0,416.4,5129.3,5.0,20.8,38.2,Горная,1
2024,Июль,ГБАО,Молоко,0.0,0.0,9817.0,1733.46,0.0,315.8,5447.4,5.0,15.3,24.8,Горная,0
2024,Август,ГБАО,Молоко,0.0,0.0,9817.0,1647.67,0.0,312.6,4517.1,5.0,19.2,19.2,Горная,1
2024,Сентябрь,ГБАО,Молоко,0.0,0.0,9817.0,1645.19,0.0,504.3,4026.5,5.0,10.8,50.7,Горная,0
2024,Октябрь,ГБАО,Молоко,0.0,0.0,9817.0,1539.61,0.0,262.4,4118.8,5.0,8.7,41.0,Горная,0
2024,Ноябрь,ГБАО,Молоко,0.0,0.0,9817.0,1888.91,0.0,487.1,3874.2,5.0,-2.4,47.7,Горная,0
2024,Декабрь,ГБАО,Молоко,0.0,0.0,9817.0,1780.39,0.0,419.7,3385.9,5.0,-5.8,22.8,Горная,0
2024,Январь,РРП,Пшеница,0.0,0.0,0.0,0.0,7499.4,0.0,5346.3,25.0,15.0,34.5,Разнообразная,0
2024,Февраль,РРП,Пшеница,0.0,0.0,0.0,0.0,5640.1,0.0,5915.2,25.0,11.1,36.8,Разнообразная,0
2024,Март,РРП,Пшеница,0.0,0.0,0.0,0.0,7328.2,0.0,6497.5,25.0,15.9,74.0,Разнообразная,0
2024,Апрель,РРП,Пшеница,0.0,0.0,0.0,0.0,6965.3,0.0,6781.7,25.0,20.6,82.4,Разнообразная,1
2024,Май,РРП,Пшеница,0.0,0.0,0.0,0.0,6843.8,0.0,7543.8,25.0,25.9,62.7,Разнообразная,1
2024,Июнь,РРП,Пшеница,25034.6,2.33,58324.0,2192.38,0.0,14731.2,7117.5,25.0,33.4,41.9,Разнообразная,1
2024,Июль,РРП,Пшеница,25034.6,2.33,58324.0,2236.89,0.0,20005.0,8504.3,25.0,36.4,37.0,Разнообразная,1
2024,Август,РРП,Пшеница,0.0,0.0,0.0,0.0,6767.7,0.0,7230.9,25.0,38.3,33.6,Разнообразная,1
2024,Сентябрь,РРП,Пшеница,0.0,0.0,0.0,0.0,6883.1,0.0,6294.9,25.0,33.5,38.2,Разнообразная,1
2024,Октябрь,РРП,Пшеница,0.0,0.0,0.0,0.0,6343.5,0.0,6156.3,25.0,24.0,65.9,Разнообразная,1
2024,Ноябрь,РРП,Пшеница,0.0,0.0,0.0,0.0,5785.9,0.0,6197.4,25.0,14.0,41.9,Разнообразная,0
2024,Декабрь,РРП,Пшеница,0.0,0.0,0.0,0.0,6034.9,0.0,5185.1,25.0,12.9,31.1,Разнообразная,0
2024,Январь,РРП,Картофель,0.0,0.0,0.0,0.0,4809.6,0.0,4639.7,25.0,9.3,36.3,Разнообразная,0
2024,Февраль,РРП,Картофель,0.0,0.0,0.0,0.0,6024.8,0.0,4782.7,25.0,11.3,26.3,Разнообразная,0
2024,Март,РРП,Картофель,0.0,0.0,0.0,0.0,5923.6,0.0,5015.0,25.0,14.5,63.9,Разнообразная,0
2024,Апрель,РРП,Картофель,0.0,0.0,0.0,0.0,7296.9,0.0,5288.6,25.0,21.9,80.7,Разнообразная,1
2024,Май,РРП,Картофель,4009.0,16.35,65557.9,2492.71,0.0,24372.6,6529.3,25.0,28.1,93.9,Разнообразная,1
2024,Июнь,РРП,Картофель,4009.0,16.35,65557.9,2949.82,0.0,24236.9,6102.0,25.0,35.7,56.5,Разнообразная,1
2024,Июль,РРП,Картофель,0.0,0.0,0.0,0.0,7595.3,0.0,6058.5,25.0,35.6,26.7,Разнообразная,1
2024,Август,РРП,Картофель,0.0,0.0,0.0,0.0,5044.4,0.0,5598.3,25.0,35.0,15.0,Разнообразная,1
2024,Сентябрь,РРП,Картофель,4009.0,16.35,65557.9,2529.67,0.0,9424.7,5041.9,25.0,32.1,29.9,Разнообразная,1
2024,Октябрь,РРП,Картофель,0.0,0.0,0.0,0.0,4682.4,0.0,4605.3,25.0,22.4,45.5,Разнообразная,1
2024,Ноябрь,РРП,Картофель,0.0,0.0,0.0,0.0,6294.6,0.0,4483.6,25.0,15.7,30.0,Разнообразная,0
2024,Декабрь,РРП,Картофель,0.0,0.0,0.0,0.0,5741.9,0.0,4536.8,25.0,6.6,35.0,Разнообразная,0
2024,Январь,РРП,Овощи,0.0,0.0,0.0,0.0,5952.4,0.0,4833.5,25.0,6.0,32.0,Разнообразная,0
2024,Февраль,РРП,Овощи,0.0,0.0,0.0,0.0,4244.6,0.0,4353.5,25.0,11.1,33.1,Разнообразная,0
2024,Март,РРП,Овощи,0.0,0.0,0.0,0.0,5488.0,0.0,4704.3,25.0,15.3,51.1,Разнообразная,0
2024,Апрель,РРП,Овощи,0.0,0.0,0.0,0.0,7116.6,0.0,5641.3,25.0,18.4,94.1,Разнообразная,1
2024,Май,РРП,Овощи,0.0,0.0,0.0,0.0,8524.3,0.0,6403.3,25.0,30.2,65.0,Разнообразная,1
2024,Июнь,РРП,Овощи,4225.3,13.02,55024.9,2303.75,0.0,9962.2,6436.7,25.0,30.0,49.9,Разнообразная,1
2024,Июль,РРП,Овощи,4225.3,13.02,55024.9,1672.15,0.0,10130.5,7022.3,25.0,39.8,12.0,Разнообразная,1
2024,Август,РРП,Овощи,4225.3,13.02,55024.9,2138.16,0.0,8237.3,6561.7,25.0,35.2,10.0,Разнообразная,1
2024,Сентябрь,РРП,Овощи,4225.3,13.02,55024.9,1904.02,0.0,12715.1,5192.1,25.0,24.0,22.4,Разнообразная,1
2024,Октябрь,РРП,Овощи,0.0,0.0,0.0,0.0,6501.2,0.0,5222.7,25.0,18.9,40.9,Разнообразная,1
2024,Ноябрь,РРП,Овощи,0.0,0.0,0.0,0.0,4274.5,0.0,4734.8,25.0,18.8,45.7,Разнообразная,1
2024,Декабрь,РРП,Овощи,0.0,0.0,0.0,0.0,5718.4,0.0,4739.9,25.0,15.6,46.3,Разнообразная,0
2024,Январь,РРП,Мясо,0.0,0.0,5914.5,32413.2,0.0,1197.7,2505.8,25.0,8.6,32.4,Разнообразная,0
2024,Февраль,РРП,Мясо,0.0,0.0,5914.5,32575.37,0.0,1130.6,2920.4,25.0,14.8,42.5,Разнообразная,0
2024,Март,РРП,Мясо,0.0,0.0,5914.5,31596.41,0.0,558.4,3079.4,25.0,15.1,51.3,Разнообразная,0
2024,Апрель,РРП,Мясо,0.0,0.0,5914.5,35574.55,0.0,777.6,3111.8,25.0,22.0,92.2,Разнообразная,1
2024,Май,РРП,Мясо,0.0,0.0,5914.5,35238.15,0.0,724.5,3831.7,25.0,25.3,71.4,Разнообразная,1
2024,Июнь,РРП,Мясо,0.0,0.0,5914.5,29564.95,0.0,496.7,3763.1,25.0,35.5,29.1,Разнообразная,1
2024,Июль,РРП,Мясо,0.0,0.0,5914.5,35302.35,0.0,766.2,3716.4,25.0,32.8,32.1,Разнообразная,1
2024,Август,РРП,Мясо,0.0,0.0,5914.5,27890.07,0.0,673.9,3505.2,25.0,31.0,12.5,Разнообразная,1
2024,Сентябрь,РРП,Мясо,0.0,0.0,5914.5,30155.12,0.0,1021.7,2995.7,25.0,33.6,42.7,Разнообразная,1
2024,Октябрь,РРП,Мясо,0.0,0.0,5914.5,27722.5,0.0,990.1,2849.4,25.0,19.9,54.9,Разнообразная,1
2024,Ноябрь,РРП,Мясо,0.0,0.0,5914.5,29462.14,0.0,1285.2,3054.1,25.0,12.7,44.7,Разнообразная,0
2024,Декабрь,РРП,Мясо,0.0,0.0,5914.5,29944.64,0.0,979.2,2853.2,25.0,15.3,45.6,Разнообразная,0
2024,Январь,РРП,Молоко,0.0,0.0,19520.9,4305.53,0.0,1931.0,7577.7,25.0,14.7,32.0,Разнообразная,0
2024,Февраль,РРП,Молоко,0.0,0.0,19520.9,4224.62,0.0,5457.8,7316.6,25.0,11.4,47.3,Разнообразная,0
2024,Март,РРП,Молоко,0.0,0.0,19520.9,4385.93,0.0,3933.8,7566.2,25.0,17.9,65.0,Разнообразная,0
2024,Апрель,РРП,Молоко,0.0,0.0,19520.9,4011.68,0.0,1752.5,8964.0,25.0,23.5,91.9,Разнообразная,1
2024,Май,РРП,Молоко,0.0,0.0,19520.9,4103.07,0.0,1816.5,10448.0,25.0,31.8,64.1,Разнообразная,1
2024,Июнь,РРП,Молоко,0.0,0.0,19520.9,3817.53,0.0,2914.7,10682.8,25.0,37.4,35.8,Разнообразная,1
2024,Июль,РРП,Молоко,0.0,0.0,19520.9,3684.04,0.0,1691.6,11101.7,25.0,38.6,33.3,Разнообразная,1
2024,Август,РРП,Молоко,0.0,0.0,19520.9,4093.39,0.0,2808.2,10485.0,25.0,32.3,15.8,Разнообразная,1
2024,Сентябрь,РРП,Молоко,0.0,0.0,19520.9,4107.67,0.0,4738.7,8407.5,25.0,25.9,39.4,Разнообразная,1
2024,Октябрь,РРП,Молоко,0.0,0.0,19520.9,4335.39,0.0,4046.3,7335.3,25.0,25.5,55.0,Разнообразная,1
2024,Ноябрь,РРП,Молоко,0.0,0.0,19520.9,3753.27,0.0,4727.6,8151.8,25.0,21.2,47.0,Разнообразная,1
2024,Декабрь,РРП,Молоко,0.0,0.0,19520.9,4325.72,0.0,3369.6,7881.7,25.0,8.0,33.4,Разнообразная,0
